wut,x1,genie,0,UMAP_local,120 x 2,120 x 2,"cf: [[ 0 50  0]
 [40  0  0]
 [ 0  0 30]] ",nca: 1.0 ,r: 1.0 ,ar: 1.0 ,fm: 1.0 ,mi: 1.0775563270668007 ,nmi: 1.0 ,ami: 1.0 ,a: 0.25 
wut,x1,kmeans,0,UMAP_local,120 x 2,120 x 2,"cf: [[50  0  0]
 [ 0  0 40]
 [ 0 30  0]] ",nca: 1.0 ,r: 1.0 ,ar: 1.0 ,fm: 1.0 ,mi: 1.0775563270668007 ,nmi: 1.0 ,ami: 1.0 ,a: 0.4166666666666667 
wut,x1,agglomerative,0,UMAP_local,120 x 2,120 x 2,"cf: [[50  0  0]
 [ 0  0 40]
 [ 0 30  0]] ",nca: 1.0 ,r: 1.0 ,ar: 1.0 ,fm: 1.0 ,mi: 1.0775563270668007 ,nmi: 1.0 ,ami: 1.0 ,a: 0.4166666666666667 
wut,x1,spectral,0,UMAP_local,120 x 2,120 x 2,"cf: [[ 0 29 21]
 [40  0  0]
 [30  0  0]] ",nca: 0.29000000000000004 ,r: 0.7466386554621849 ,ar: 0.46784603937266755 ,fm: 0.673287362569063 ,mi: 0.6791932659915255 ,nmi: 0.6658089764877368 ,ami: 0.6600645078708335 ,a: 0.0 
wut,x1,gaussianmixture,0,UMAP_local,120 x 2,120 x 2,"cf: [[50  0  0]
 [ 0  0 40]
 [ 0 30  0]] ",nca: 1.0 ,r: 1.0 ,ar: 1.0 ,fm: 1.0 ,mi: 1.0775563270668007 ,nmi: 1.0 ,ami: 1.0 ,a: 0.4166666666666667 
wut,x1,hdbscan,0,UMAP_local,120 x 2,120 x 2,"cf: [[ 0  0  0  0]
 [ 0  0 50  0]
 [ 0 40  0  0]
 [30  0  0  0]] ",nca: nan ,r: 1.0 ,ar: 1.0 ,fm: 1.0 ,mi: 1.0775563270668007 ,nmi: 1.0 ,ami: 1.0 ,a: 0.0 
wut,x1,kmodes,0,UMAP_local,120 x 2,120 x 2,"cf: [[49  1  0]
 [40  0  0]
 [29  0  1]] ",nca: 0.026666666666666727 ,r: 0.3530812324929972 ,ar: 0.0012936681123528952 ,fm: 0.5755274514764748 ,mi: 0.018932711688779323 ,nmi: 0.032256780346526286 ,ami: 0.001464211777245565 ,a: 0.4166666666666667 
wut,x1,birch,0,UMAP_local,120 x 2,120 x 2,"cf: [[50  0  0]
 [ 0  0 40]
 [ 0 30  0]] ",nca: 1.0 ,r: 1.0 ,ar: 1.0 ,fm: 1.0 ,mi: 1.0775563270668007 ,nmi: 1.0 ,ami: 1.0 ,a: 0.4166666666666667 
wut,x1,minibatchkmeans,0,UMAP_local,120 x 2,120 x 2,"cf: [[ 0  0 50]
 [40  0  0]
 [ 0 30  0]] ",nca: 1.0 ,r: 1.0 ,ar: 1.0 ,fm: 1.0 ,mi: 1.0775563270668007 ,nmi: 1.0 ,ami: 1.0 ,a: 0.0 
wut,x1,latentdirichletallocation,0,UMAP_local,120 x 2,120 x 2,"cf: [[ 0  0 50]
 [ 0  0 40]
 [ 0 30  0]] ",nca: 0.5 ,r: 0.7198879551820728 ,ar: 0.4798951048951049 ,fm: 0.7413160928710165 ,mi: 0.5623351446188081 ,nmi: 0.6858199512932353 ,ami: 0.6825056209926856 ,a: 0.0 
wut,x1,spectralcoclustering,0,UMAP_local,120 x 2,120 x 2,"cf: [[ 0 50  0]
 [ 0  0 40]
 [30  0  0]] ",nca: 1.0 ,r: 1.0 ,ar: 1.0 ,fm: 1.0 ,mi: 1.0775563270668007 ,nmi: 1.0 ,ami: 1.0 ,a: 0.0 
wut,x1,bayesiangaussianmixture,0,UMAP_local,120 x 2,120 x 2,"cf: [[50  0  0]
 [ 0  0 40]
 [ 0 30  0]] ",nca: 1.0 ,r: 1.0 ,ar: 1.0 ,fm: 1.0 ,mi: 1.0775563270668007 ,nmi: 1.0 ,ami: 1.0 ,a: 0.4166666666666667 
wut,x1,genie,0,UMAP_global,120 x 2,120 x 2,"cf: [[ 0 50  0]
 [40  0  0]
 [ 0  0 30]] ",nca: 1.0 ,r: 1.0 ,ar: 1.0 ,fm: 1.0 ,mi: 1.0775563270668007 ,nmi: 1.0 ,ami: 1.0 ,a: 0.25 
wut,x1,kmeans,0,UMAP_global,120 x 2,120 x 2,"cf: [[50  0  0]
 [ 0  0 40]
 [ 0 30  0]] ",nca: 1.0 ,r: 1.0 ,ar: 1.0 ,fm: 1.0 ,mi: 1.0775563270668007 ,nmi: 1.0 ,ami: 1.0 ,a: 0.4166666666666667 
wut,x1,agglomerative,0,UMAP_global,120 x 2,120 x 2,"cf: [[50  0  0]
 [ 0 40  0]
 [ 0  0 30]] ",nca: 1.0 ,r: 1.0 ,ar: 1.0 ,fm: 1.0 ,mi: 1.0775563270668007 ,nmi: 1.0 ,ami: 1.0 ,a: 1.0 
wut,x1,spectral,0,UMAP_global,120 x 2,120 x 2,"cf: [[ 0 27 23]
 [40  0  0]
 [30  0  0]] ",nca: 0.27 ,r: 0.7449579831932773 ,ar: 0.46371677911810244 ,fm: 0.6702027868314382 ,mi: 0.6791932659915255 ,nmi: 0.6644991435745169 ,ami: 0.6587487887030775 ,a: 0.0 
wut,x1,gaussianmixture,0,UMAP_global,120 x 2,120 x 2,"cf: [[50  0  0]
 [ 0  0 40]
 [ 0 30  0]] ",nca: 1.0 ,r: 1.0 ,ar: 1.0 ,fm: 1.0 ,mi: 1.0775563270668007 ,nmi: 1.0 ,ami: 1.0 ,a: 0.4166666666666667 
wut,x1,hdbscan,0,UMAP_global,120 x 2,120 x 2,"cf: [[ 0  0  0  0]
 [50  0  0  0]
 [ 0 40  0  0]
 [ 0  0 30  0]] ",nca: nan ,r: 1.0 ,ar: 1.0 ,fm: 1.0 ,mi: 1.0775563270668007 ,nmi: 1.0 ,ami: 1.0 ,a: 0.0 
wut,x1,kmodes,0,UMAP_global,120 x 2,120 x 2,"cf: [[49  1  0]
 [40  0  0]
 [29  0  1]] ",nca: 0.026666666666666727 ,r: 0.3530812324929972 ,ar: 0.0012936681123528952 ,fm: 0.5755274514764748 ,mi: 0.018932711688779323 ,nmi: 0.032256780346526286 ,ami: 0.001464211777245565 ,a: 0.4166666666666667 
wut,x1,birch,0,UMAP_global,120 x 2,120 x 2,"cf: [[50  0  0]
 [ 0 40  0]
 [ 0  0 30]] ",nca: 1.0 ,r: 1.0 ,ar: 1.0 ,fm: 1.0 ,mi: 1.0775563270668007 ,nmi: 1.0 ,ami: 1.0 ,a: 1.0 
wut,x1,minibatchkmeans,0,UMAP_global,120 x 2,120 x 2,"cf: [[ 0 50  0]
 [40  0  0]
 [ 0  0 30]] ",nca: 1.0 ,r: 1.0 ,ar: 1.0 ,fm: 1.0 ,mi: 1.0775563270668007 ,nmi: 1.0 ,ami: 1.0 ,a: 0.25 
wut,x1,latentdirichletallocation,0,UMAP_global,120 x 2,120 x 2,"cf: [[ 0 50  0]
 [ 4  0 36]
 [ 0  0 30]] ",nca: 0.55 ,r: 0.8285714285714286 ,ar: 0.6511422932727006 ,fm: 0.799973777831456 ,mi: 0.6986012459046386 ,nmi: 0.7414108401076547 ,ami: 0.7360962360647486 ,a: 0.25 
wut,x1,spectralcoclustering,0,UMAP_global,120 x 2,120 x 2,"cf: [[ 0 50  0]
 [40  0  0]
 [ 0  0 30]] ",nca: 1.0 ,r: 1.0 ,ar: 1.0 ,fm: 1.0 ,mi: 1.0775563270668007 ,nmi: 1.0 ,ami: 1.0 ,a: 0.25 
wut,x1,bayesiangaussianmixture,0,UMAP_global,120 x 2,120 x 2,"cf: [[ 0 50  0]
 [40  0  0]
 [ 0  0 30]] ",nca: 1.0 ,r: 1.0 ,ar: 1.0 ,fm: 1.0 ,mi: 1.0775563270668007 ,nmi: 1.0 ,ami: 1.0 ,a: 0.25 
wut,x1,genie,0,Base,120 x 2,120 x 2,"cf: [[ 0 50  0]
 [40  0  0]
 [ 0  0 30]] ",nca: 1.0 ,r: 1.0 ,ar: 1.0 ,fm: 1.0 ,mi: 1.0775563270668007 ,nmi: 1.0 ,ami: 1.0 ,a: 0.25 
wut,x1,kmeans,0,Base,120 x 2,120 x 2,"cf: [[50  0  0]
 [ 0  0 40]
 [ 0 30  0]] ",nca: 1.0 ,r: 1.0 ,ar: 1.0 ,fm: 1.0 ,mi: 1.0775563270668007 ,nmi: 1.0 ,ami: 1.0 ,a: 0.4166666666666667 
wut,x1,agglomerative,0,Base,120 x 2,120 x 2,"cf: [[ 0 50  0]
 [40  0  0]
 [ 0  0 30]] ",nca: 1.0 ,r: 1.0 ,ar: 1.0 ,fm: 1.0 ,mi: 1.0775563270668007 ,nmi: 1.0 ,ami: 1.0 ,a: 0.25 
wut,x1,spectral,0,Base,120 x 2,120 x 2,"cf: [[ 0 50  0]
 [ 0  0 40]
 [30  0  0]] ",nca: 1.0 ,r: 1.0 ,ar: 1.0 ,fm: 1.0 ,mi: 1.0775563270668007 ,nmi: 1.0 ,ami: 1.0 ,a: 0.0 
wut,x1,gaussianmixture,0,Base,120 x 2,120 x 2,"cf: [[50  0  0]
 [ 0  0 40]
 [ 0 30  0]] ",nca: 1.0 ,r: 1.0 ,ar: 1.0 ,fm: 1.0 ,mi: 1.0775563270668007 ,nmi: 1.0 ,ami: 1.0 ,a: 0.4166666666666667 
wut,x1,hdbscan,0,Base,120 x 2,120 x 2,"cf: [[ 0  0  0  0  0]
 [ 0  0  0  0  0]
 [ 1  0  0 49  0]
 [ 1  0 39  0  0]
 [ 0 30  0  0  0]] ",nca: nan ,r: 0.9875350140056023 ,ar: 0.9720546470484244 ,fm: 0.981592972845623 ,mi: 1.066003874057468 ,nmi: 0.9589044232945482 ,ami: 0.9578580894247315 ,a: 0.0 
wut,x1,kmodes,0,Base,120 x 2,120 x 2,"cf: [[50  0  0]
 [39  1  0]
 [29  0  1]] ",nca: 0.029166666666666674 ,r: 0.3558823529411765 ,ar: 0.005618008150835888 ,fm: 0.5779640621939874 ,mi: 0.020813392509490616 ,nmi: 0.03546100746057263 ,ami: 0.004770394018558165 ,a: 0.43333333333333335 
wut,x1,birch,0,Base,120 x 2,120 x 2,"cf: [[ 0 50  0]
 [ 0  0 40]
 [30  0  0]] ",nca: 1.0 ,r: 1.0 ,ar: 1.0 ,fm: 1.0 ,mi: 1.0775563270668007 ,nmi: 1.0 ,ami: 1.0 ,a: 0.0 
wut,x1,minibatchkmeans,0,Base,120 x 2,120 x 2,"cf: [[ 0 50  0]
 [40  0  0]
 [ 0  0 30]] ",nca: 1.0 ,r: 1.0 ,ar: 1.0 ,fm: 1.0 ,mi: 1.0775563270668007 ,nmi: 1.0 ,ami: 1.0 ,a: 0.25 
wut,x1,latentdirichletallocation,0,Base,120 x 2,120 x 2,"cf: [[36  0 14]
 [32  8  0]
 [30  0  0]] ",nca: 0.24 ,r: 0.44649859943977593 ,ar: 0.007563223824155046 ,fm: 0.4872599639518131 ,mi: 0.18271748718479902 ,nmi: 0.2182824022123988 ,ami: 0.20072160793464577 ,a: 0.36666666666666664 
wut,x1,spectralcoclustering,0,Base,120 x 2,120 x 2,"cf: [[18 32  0]
 [19 21  0]
 [15 13  2]] ",nca: 0.09083333333333332 ,r: 0.5120448179271708 ,ar: 0.015535658880368779 ,fm: 0.4170939739349464 ,mi: 0.03416266583039461 ,nmi: 0.03719438180011529 ,ami: 0.016873720848730334 ,a: 0.3416666666666667 
wut,x1,bayesiangaussianmixture,0,Base,120 x 2,120 x 2,"cf: [[ 0 50  0]
 [40  0  0]
 [ 0  0 30]] ",nca: 1.0 ,r: 1.0 ,ar: 1.0 ,fm: 1.0 ,mi: 1.0775563270668007 ,nmi: 1.0 ,ami: 1.0 ,a: 0.25 
wut,x2,genie,0,UMAP_local,120 x 2,120 x 2,"cf: [[12 37  1]
 [40  0  0]
 [ 0  0 30]] ",nca: 0.8700000000000001 ,r: 0.8595238095238096 ,ar: 0.6882872342370341 ,fm: 0.7951855144568276 ,mi: 0.8066538496218372 ,nmi: 0.749551954502048 ,ami: 0.7455077928160848 ,a: 0.35 
wut,x2,kmeans,0,UMAP_local,120 x 2,120 x 2,"cf: [[37 12  1]
 [ 0 40  0]
 [ 0  0 30]] ",nca: 0.8700000000000001 ,r: 0.8595238095238096 ,ar: 0.6882872342370341 ,fm: 0.7951855144568276 ,mi: 0.8066538496218372 ,nmi: 0.749551954502048 ,ami: 0.7455077928160848 ,a: 0.8916666666666667 
wut,x2,agglomerative,0,UMAP_local,120 x 2,120 x 2,"cf: [[12 37  1]
 [40  0  0]
 [ 0  0 30]] ",nca: 0.8700000000000001 ,r: 0.8595238095238096 ,ar: 0.6882872342370341 ,fm: 0.7951855144568276 ,mi: 0.8066538496218372 ,nmi: 0.749551954502048 ,ami: 0.7455077928160848 ,a: 0.35 
wut,x2,spectral,0,UMAP_local,120 x 2,120 x 2,"cf: [[ 1 12 37]
 [ 0 40  0]
 [30  0  0]] ",nca: 0.8700000000000001 ,r: 0.8595238095238096 ,ar: 0.6882872342370341 ,fm: 0.7951855144568276 ,mi: 0.8066538496218372 ,nmi: 0.749551954502048 ,ami: 0.7455077928160848 ,a: 0.3416666666666667 
wut,x2,gaussianmixture,0,UMAP_local,120 x 2,120 x 2,"cf: [[37 12  1]
 [ 0 40  0]
 [ 0  0 30]] ",nca: 0.8700000000000001 ,r: 0.8595238095238096 ,ar: 0.6882872342370341 ,fm: 0.7951855144568276 ,mi: 0.8066538496218372 ,nmi: 0.749551954502048 ,ami: 0.7455077928160848 ,a: 0.8916666666666667 
wut,x2,hdbscan,0,UMAP_local,120 x 2,120 x 2,"cf: [[ 0  0  0  0]
 [37 12  1  0]
 [ 0 40  0  0]
 [ 0  0 30  0]] ",nca: nan ,r: 0.8595238095238096 ,ar: 0.6882872342370341 ,fm: 0.7951855144568276 ,mi: 0.8066538496218372 ,nmi: 0.749551954502048 ,ami: 0.7455077928160848 ,a: 0.1 
wut,x2,kmodes,0,UMAP_local,120 x 2,120 x 2,"cf: [[50  0  0]
 [39  1  0]
 [29  0  1]] ",nca: 0.029166666666666674 ,r: 0.3558823529411765 ,ar: 0.005618008150835888 ,fm: 0.5779640621939874 ,mi: 0.020813392509490616 ,nmi: 0.03546100746057263 ,ami: 0.004770394018558165 ,a: 0.43333333333333335 
wut,x2,birch,0,UMAP_local,120 x 2,120 x 2,"cf: [[12 37  1]
 [40  0  0]
 [ 0  0 30]] ",nca: 0.8700000000000001 ,r: 0.8595238095238096 ,ar: 0.6882872342370341 ,fm: 0.7951855144568276 ,mi: 0.8066538496218372 ,nmi: 0.749551954502048 ,ami: 0.7455077928160848 ,a: 0.35 
wut,x2,minibatchkmeans,0,UMAP_local,120 x 2,120 x 2,"cf: [[12 37  1]
 [40  0  0]
 [ 0  0 30]] ",nca: 0.8700000000000001 ,r: 0.8595238095238096 ,ar: 0.6882872342370341 ,fm: 0.7951855144568276 ,mi: 0.8066538496218372 ,nmi: 0.749551954502048 ,ami: 0.7455077928160848 ,a: 0.35 
wut,x2,latentdirichletallocation,0,UMAP_local,120 x 2,120 x 2,"cf: [[ 0 13 37]
 [ 0 40  0]
 [ 0 30  0]] ",nca: 0.37 ,r: 0.6371148459383753 ,ar: 0.30497934820422923 ,fm: 0.6217212018900672 ,mi: 0.37898691718600463 ,nmi: 0.447098597123281 ,ami: 0.4414835672885385 ,a: 0.3333333333333333 
wut,x2,spectralcoclustering,0,UMAP_local,120 x 2,120 x 2,"cf: [[13 37  0]
 [33  0  7]
 [10  0 20]] ",nca: 0.6158333333333332 ,r: 0.7281512605042016 ,ar: 0.40265133131210556 ,fm: 0.6117346450209318 ,mi: 0.5015868983711012 ,nmi: 0.4706154678487828 ,ami: 0.46196955092586783 ,a: 0.275 
wut,x2,bayesiangaussianmixture,0,UMAP_local,120 x 2,120 x 2,"cf: [[ 1 37 12]
 [ 0  0 40]
 [30  0  0]] ",nca: 0.8700000000000001 ,r: 0.8595238095238096 ,ar: 0.6882872342370341 ,fm: 0.7951855144568276 ,mi: 0.8066538496218372 ,nmi: 0.749551954502048 ,ami: 0.7455077928160848 ,a: 0.008333333333333333 
wut,x2,genie,0,UMAP_global,120 x 2,120 x 2,"cf: [[12 37  1]
 [40  0  0]
 [ 0  0 30]] ",nca: 0.8700000000000001 ,r: 0.8595238095238096 ,ar: 0.6882872342370341 ,fm: 0.7951855144568276 ,mi: 0.8066538496218372 ,nmi: 0.749551954502048 ,ami: 0.7455077928160848 ,a: 0.35 
wut,x2,kmeans,0,UMAP_global,120 x 2,120 x 2,"cf: [[37  1 12]
 [ 0  0 40]
 [ 0 30  0]] ",nca: 0.8700000000000001 ,r: 0.8595238095238096 ,ar: 0.6882872342370341 ,fm: 0.7951855144568276 ,mi: 0.8066538496218372 ,nmi: 0.749551954502048 ,ami: 0.7455077928160848 ,a: 0.30833333333333335 
wut,x2,agglomerative,0,UMAP_global,120 x 2,120 x 2,"cf: [[12 37  1]
 [40  0  0]
 [ 0  0 30]] ",nca: 0.8700000000000001 ,r: 0.8595238095238096 ,ar: 0.6882872342370341 ,fm: 0.7951855144568276 ,mi: 0.8066538496218372 ,nmi: 0.749551954502048 ,ami: 0.7455077928160848 ,a: 0.35 
wut,x2,spectral,0,UMAP_global,120 x 2,120 x 2,"cf: [[ 1 12 37]
 [ 0 40  0]
 [30  0  0]] ",nca: 0.8700000000000001 ,r: 0.8595238095238096 ,ar: 0.6882872342370341 ,fm: 0.7951855144568276 ,mi: 0.8066538496218372 ,nmi: 0.749551954502048 ,ami: 0.7455077928160848 ,a: 0.3416666666666667 
wut,x2,gaussianmixture,0,UMAP_global,120 x 2,120 x 2,"cf: [[37  1 12]
 [ 0  0 40]
 [ 0 30  0]] ",nca: 0.8700000000000001 ,r: 0.8595238095238096 ,ar: 0.6882872342370341 ,fm: 0.7951855144568276 ,mi: 0.8066538496218372 ,nmi: 0.749551954502048 ,ami: 0.7455077928160848 ,a: 0.30833333333333335 
wut,x2,hdbscan,0,UMAP_global,120 x 2,120 x 2,"cf: [[ 0  0  0  0]
 [37 12  1  0]
 [ 0 40  0  0]
 [ 0  0 30  0]] ",nca: nan ,r: 0.8595238095238096 ,ar: 0.6882872342370341 ,fm: 0.7951855144568276 ,mi: 0.8066538496218372 ,nmi: 0.749551954502048 ,ami: 0.7455077928160848 ,a: 0.1 
wut,x2,kmodes,0,UMAP_global,120 x 2,120 x 2,"cf: [[50  0  0]
 [38  1  1]
 [30  0  0]] ",nca: 0.012499999999999956 ,r: 0.35336134453781515 ,ar: 0.0017261021162011945 ,fm: 0.575771112548226 ,mi: 0.018594327932852053 ,nmi: 0.0316802559337953 ,ami: 0.0008693429657625668 ,a: 0.425 
wut,x2,birch,0,UMAP_global,120 x 2,120 x 2,"cf: [[12 37  1]
 [40  0  0]
 [ 0  0 30]] ",nca: 0.8700000000000001 ,r: 0.8595238095238096 ,ar: 0.6882872342370341 ,fm: 0.7951855144568276 ,mi: 0.8066538496218372 ,nmi: 0.749551954502048 ,ami: 0.7455077928160848 ,a: 0.35 
wut,x2,minibatchkmeans,0,UMAP_global,120 x 2,120 x 2,"cf: [[12 37  1]
 [40  0  0]
 [ 0  0 30]] ",nca: 0.8700000000000001 ,r: 0.8595238095238096 ,ar: 0.6882872342370341 ,fm: 0.7951855144568276 ,mi: 0.8066538496218372 ,nmi: 0.749551954502048 ,ami: 0.7455077928160848 ,a: 0.35 
wut,x2,latentdirichletallocation,0,UMAP_global,120 x 2,120 x 2,"cf: [[ 0  7 43]
 [ 0 33  7]
 [ 0 30  0]] ",nca: 0.42999999999999994 ,r: 0.6829131652661065 ,ar: 0.3697379912663755 ,fm: 0.6402252013259855 ,mi: 0.3558830006084146 ,nmi: 0.4051607605485284 ,ami: 0.3993553233332006 ,a: 0.275 
wut,x2,spectralcoclustering,0,UMAP_global,120 x 2,120 x 2,"cf: [[ 1 12 37]
 [ 0 40  0]
 [30  0  0]] ",nca: 0.8700000000000001 ,r: 0.8595238095238096 ,ar: 0.6882872342370341 ,fm: 0.7951855144568276 ,mi: 0.8066538496218372 ,nmi: 0.749551954502048 ,ami: 0.7455077928160848 ,a: 0.3416666666666667 
wut,x2,bayesiangaussianmixture,0,UMAP_global,120 x 2,120 x 2,"cf: [[12 37  1]
 [35  0  5]
 [ 0  0 30]] ",nca: 0.8075000000000001 ,r: 0.8217086834733893 ,ar: 0.6012384167148527 ,fm: 0.7357905631700226 ,mi: 0.6973526095403666 ,nmi: 0.6431209366655554 ,ami: 0.6374081123701094 ,a: 0.35 
wut,x2,genie,0,Base,120 x 2,120 x 2,"cf: [[12 37  1]
 [40  0  0]
 [ 0  0 30]] ",nca: 0.8700000000000001 ,r: 0.8595238095238096 ,ar: 0.6882872342370341 ,fm: 0.7951855144568276 ,mi: 0.8066538496218372 ,nmi: 0.749551954502048 ,ami: 0.7455077928160848 ,a: 0.35 
wut,x2,kmeans,0,Base,120 x 2,120 x 2,"cf: [[13 26 11]
 [40  0  0]
 [30  0  0]] ",nca: 0.26 ,r: 0.5970588235294118 ,ar: 0.2090548061351082 ,fm: 0.5506591463162214 ,mi: 0.3789869171860046 ,nmi: 0.4025447768924715 ,ami: 0.39109684022319713 ,a: 0.10833333333333334 
wut,x2,agglomerative,0,Base,120 x 2,120 x 2,"cf: [[14 25 11]
 [40  0  0]
 [30  0  0]] ",nca: 0.25 ,r: 0.5855742296918768 ,ar: 0.19059652305968908 ,fm: 0.5425659882143382 ,mi: 0.36380041978511246 ,nmi: 0.38845360577152427 ,ami: 0.3766654171787823 ,a: 0.11666666666666667 
wut,x2,spectral,0,Base,120 x 2,120 x 2,"cf: [[24 21  5]
 [ 0 40  0]
 [ 0 30  0]] ",nca: 0.24 ,r: 0.5239495798319328 ,ar: 0.1117680342982711 ,fm: 0.5233213701483176 ,mi: 0.26953845801330634 ,nmi: 0.3095221830936558 ,ami: 0.29426509601256046 ,a: 0.5333333333333333 
wut,x2,gaussianmixture,0,Base,120 x 2,120 x 2,"cf: [[37  1 12]
 [ 0  0 40]
 [ 0 30  0]] ",nca: 0.8700000000000001 ,r: 0.8595238095238096 ,ar: 0.6882872342370341 ,fm: 0.7951855144568276 ,mi: 0.8066538496218372 ,nmi: 0.749551954502048 ,ami: 0.7455077928160848 ,a: 0.30833333333333335 
wut,x2,hdbscan,0,Base,120 x 2,120 x 2,"cf: [[ 0  0  0  0  0]
 [ 0  0  0  0  0]
 [26 21  3  0  0]
 [ 1  0 39  0  0]
 [ 3  0  0 27  0]] ",nca: nan ,r: 0.8556022408963585 ,ar: 0.6594876036269071 ,fm: 0.7671588857515338 ,mi: 0.8705816812489446 ,nmi: 0.7158771745288681 ,ami: 0.7097041682577013 ,a: 0.025 
wut,x2,kmodes,0,Base,120 x 2,120 x 2,"cf: [[50  0  0]
 [40  0  0]
 [28  1  1]] ",nca: 0.01666666666666672 ,r: 0.35896358543417367 ,ar: 0.01037478219316718 ,fm: 0.5806443339832512 ,mi: 0.023533569016150627 ,nmi: 0.040095533011981925 ,ami: 0.009552385284972886 ,a: 0.425 
wut,x2,birch,0,Base,120 x 2,120 x 2,"cf: [[27 12 11]
 [ 0 40  0]
 [ 0 30  0]] ",nca: 0.27 ,r: 0.6088235294117647 ,ar: 0.22838795849968002 ,fm: 0.5594231998490572 ,mi: 0.39471466986854525 ,nmi: 0.4171534463500546 ,ami: 0.4060484801889132 ,a: 0.5583333333333333 
wut,x2,minibatchkmeans,0,Base,120 x 2,120 x 2,"cf: [[11 37  2]
 [40  0  0]
 [ 0  0 30]] ",nca: 0.8700000000000001 ,r: 0.8595238095238096 ,ar: 0.6876727599107165 ,fm: 0.7943409335528321 ,mi: 0.7936195422150693 ,nmi: 0.736039339683099 ,ami: 0.731786371562596 ,a: 0.3416666666666667 
wut,x2,latentdirichletallocation,0,Base,120 x 2,120 x 2,"cf: [[ 1 29 20]
 [33  1  6]
 [30  0  0]] ",nca: 0.365 ,r: 0.7103641456582633 ,ar: 0.3768602798184961 ,fm: 0.6047837088047909 ,mi: 0.5177438567407358 ,nmi: 0.4952693199843439 ,ami: 0.48684241557292446 ,a: 0.016666666666666666 
wut,x2,spectralcoclustering,0,Base,120 x 2,120 x 2,"cf: [[15 22 13]
 [ 2 38  0]
 [10 15  5]] ",nca: 0.2716666666666666 ,r: 0.5570028011204482 ,ar: 0.09054072665505268 ,fm: 0.451819772248707 ,mi: 0.1479771190443976 ,nmi: 0.148608785117555 ,ami: 0.13353761515380827 ,a: 0.48333333333333334 
wut,x2,bayesiangaussianmixture,0,Base,120 x 2,120 x 2,"cf: [[ 4 46  0]
 [40  0  0]
 [30  0  0]] ",nca: nan ,r: 0.7669467787114846 ,ar: 0.5406542287326174 ,fm: 0.7472066843820674 ,mi: 0.5495184950817431 ,nmi: 0.6304605776099199 ,ami: 0.6268229798980182 ,a: 0.03333333333333333 
wut,x2,genie,1,UMAP_local,120 x 2,120 x 2,"cf: [[ 0  6  0  4  0]
 [ 0  0  0 22  0]
 [ 0 46  0  0  0]
 [ 0  0  0  0 31]
 [ 0  0 11  0  0]] ",nca: 1.0 ,r: 0.9456582633053221 ,ar: 0.8656754498310179 ,fm: 0.906325227426604 ,mi: 1.2063604814094882 ,nmi: 0.8880755315704946 ,ami: 0.8833201956882374 ,a: 0.0 
wut,x2,kmeans,1,UMAP_local,120 x 2,120 x 2,"cf: [[ 0  1  4  0  5]
 [ 0  0 22  0  0]
 [ 0 31  0  0 15]
 [ 0  0  0 31  0]
 [ 0  0 11  0  0]] ",nca: 0.5579710144927535 ,r: 0.8635854341736695 ,ar: 0.6413959648872941 ,fm: 0.7330097839016064 ,mi: 1.042888473834021 ,nmi: 0.740193854129324 ,ami: 0.729731002692742 ,a: 0.25833333333333336 
wut,x2,agglomerative,1,UMAP_local,120 x 2,120 x 2,"cf: [[ 0  4  1  0  5]
 [ 0 22  0  0  0]
 [ 0  0 32  0 14]
 [ 0  0  0 31  0]
 [ 0 11  0  0  0]] ",nca: 0.5652173913043478 ,r: 0.8665266106442577 ,ar: 0.649943821612011 ,fm: 0.7396886372637969 ,mi: 1.0450976353069132 ,nmi: 0.7428842200040812 ,ami: 0.7325048732443017 ,a: 0.7083333333333334 
wut,x2,spectral,1,UMAP_local,120 x 2,120 x 2,"cf: [[ 0  0  4  1  5]
 [ 0  0 22  0  0]
 [ 0  0  0 31 15]
 [ 0 31  0  0  0]
 [ 0  0 11  0  0]] ",nca: 0.5579710144927535 ,r: 0.8635854341736695 ,ar: 0.6413959648872941 ,fm: 0.7330097839016064 ,mi: 1.042888473834021 ,nmi: 0.740193854129324 ,ami: 0.729731002692742 ,a: 0.0 
wut,x2,gaussianmixture,1,UMAP_local,120 x 2,120 x 2,"cf: [[ 0  4  6  0  0]
 [ 0 17  0  0  5]
 [ 0  0 46  0  0]
 [ 0  0  0 31  0]
 [ 0  0  0  0 11]] ",nca: 0.9242424242424242 ,r: 0.9288515406162465 ,ar: 0.8226362626281297 ,fm: 0.8738132799672845 ,mi: 1.1313592287307837 ,nmi: 0.8257930539201207 ,ami: 0.818470011615652 ,a: 0.875 
wut,x2,hdbscan,1,UMAP_local,120 x 2,120 x 2,"cf: [[ 0  0  0  0  0  0]
 [ 1  4  0  0  5  0]
 [ 0 22  0  0  0  0]
 [ 1  0  0 31 14  0]
 [ 0  0 31  0  0  0]
 [ 0 11  0  0  0  0]] ",nca: nan ,r: 0.8665266106442577 ,ar: 0.6460169164753452 ,fm: 0.7353168900047351 ,mi: 1.0708885209542691 ,nmi: 0.7445785883979595 ,ami: 0.7313920682668141 ,a: 0.2916666666666667 
wut,x2,kmodes,1,UMAP_local,120 x 2,120 x 2,"cf: [[ 0 10  0  0  0]
 [ 0 22  0  0  0]
 [ 0 44  0  1  1]
 [ 0 30  1  0  0]
 [ 0 11  0  0  0]] ",nca: 0.017999064983637236 ,r: 0.2726890756302521 ,ar: -0.01098763388121537 ,fm: 0.48568272945753593 ,mi: 0.02744847106031901 ,nmi: 0.03433796487265824 ,ami: -0.012244400528875444 ,a: 0.18333333333333332 
wut,x2,birch,1,UMAP_local,120 x 2,120 x 2,"cf: [[ 0  1  4  0  5]
 [ 0  0 22  0  0]
 [ 0 32  0  0 14]
 [ 0  0  0 31  0]
 [ 0  0 11  0  0]] ",nca: 0.5652173913043478 ,r: 0.8665266106442577 ,ar: 0.649943821612011 ,fm: 0.7396886372637969 ,mi: 1.0450976353069132 ,nmi: 0.7428842200040812 ,ami: 0.7325048732443017 ,a: 0.25833333333333336 
wut,x2,minibatchkmeans,1,UMAP_local,120 x 2,120 x 2,"cf: [[ 0  6  4  0  0]
 [ 0  0 17  0  5]
 [ 0 46  0  0  0]
 [ 0  0  0 31  0]
 [ 0  0  0  0 11]] ",nca: 0.9242424242424242 ,r: 0.9288515406162465 ,ar: 0.8226362626281297 ,fm: 0.8738132799672845 ,mi: 1.1313592287307837 ,nmi: 0.8257930539201207 ,ami: 0.818470011615652 ,a: 0.35 
wut,x2,latentdirichletallocation,1,UMAP_local,120 x 2,120 x 2,"cf: [[ 0  0  0  4  6]
 [ 0  0  0 22  0]
 [ 0  0  0  0 46]
 [ 0  0  0  0 31]
 [ 0  0  0 11  0]] ",nca: 0.3333333333333333 ,r: 0.6798319327731093 ,ar: 0.40048312376250317 ,fm: 0.6620185146110087 ,mi: 0.5616763270733249 ,nmi: 0.542129084587922 ,ami: 0.5342155229794816 ,a: 0.0 
wut,x2,spectralcoclustering,1,UMAP_local,120 x 2,120 x 2,"cf: [[ 0  4  0  6  0]
 [ 0 17  0  0  5]
 [ 0  0  7 39  0]
 [ 0  0 20 11  0]
 [ 0  0  0  0 11]] ",nca: 0.7552382166687917 ,r: 0.7767507002801121 ,ar: 0.4527756496328634 ,fm: 0.6094434747524263 ,mi: 0.7791229602204162 ,nmi: 0.573029196668375 ,ami: 0.5548816970918213 ,a: 0.38333333333333336 
wut,x2,bayesiangaussianmixture,1,UMAP_local,120 x 2,120 x 2,"cf: [[ 0  0  4  6  0]
 [ 0  0 22  0  0]
 [ 0  0  0 46  0]
 [ 0 31  0  0  0]
 [ 0  0 11  0  0]] ",nca: nan ,r: 0.9056022408963585 ,ar: 0.7773991564558713 ,fm: 0.8519446934885726 ,mi: 1.0187221082553575 ,nmi: 0.8055818144952137 ,ami: 0.7999550832660578 ,a: 0.0 
wut,x2,genie,1,UMAP_global,120 x 2,120 x 2,"cf: [[ 0  6  4  0  0]
 [ 0  0  5 17  0]
 [ 0 46  0  0  0]
 [ 0  0  0  0 31]
 [ 0  0 11  0  0]] ",nca: 0.9242424242424242 ,r: 0.9294117647058824 ,ar: 0.823913037733997 ,fm: 0.8746384107271198 ,mi: 1.1331685489640577 ,nmi: 0.8265678976289067 ,ami: 0.8192839764834705 ,a: 0.0 
wut,x2,kmeans,1,UMAP_global,120 x 2,120 x 2,"cf: [[ 0  4  5  0  1]
 [ 0 22  0  0  0]
 [ 0  0 20  0 26]
 [ 0  0  0 31  0]
 [ 0 11  0  0  0]] ",nca: 0.5217391304347826 ,r: 0.8530812324929972 ,ar: 0.611343098818876 ,fm: 0.7097248360874074 ,mi: 1.0338009943416446 ,nmi: 0.730807523243185 ,ami: 0.7200364176507338 ,a: 0.6083333333333333 
wut,x2,agglomerative,1,UMAP_global,120 x 2,120 x 2,"cf: [[ 0  4  1  0  5]
 [ 0 22  0  0  0]
 [ 0  0 32  0 14]
 [ 0  0  0 31  0]
 [ 0 11  0  0  0]] ",nca: 0.5652173913043478 ,r: 0.8665266106442577 ,ar: 0.649943821612011 ,fm: 0.7396886372637969 ,mi: 1.0450976353069132 ,nmi: 0.7428842200040812 ,ami: 0.7325048732443017 ,a: 0.7083333333333334 
wut,x2,spectral,1,UMAP_global,120 x 2,120 x 2,"cf: [[ 0  0  1  4  5]
 [ 0  0  0 22  0]
 [ 0  0 27  0 19]
 [ 0 31  0  0  0]
 [ 0  0  0 11  0]] ",nca: 0.5289855072463768 ,r: 0.8546218487394958 ,ar: 0.6156267357896685 ,fm: 0.713000172590871 ,mi: 1.0353947719850314 ,nmi: 0.7321833345097274 ,ami: 0.7214613489709927 ,a: 0.225 
wut,x2,gaussianmixture,1,UMAP_global,120 x 2,120 x 2,"cf: [[ 0  4  0  6  0]
 [ 0 22  0  0  0]
 [ 0  0  0 46  0]
 [ 0  0 15  0 16]
 [ 0 11  0  0  0]] ",nca: 0.5053763440860215 ,r: 0.8719887955182073 ,ar: 0.6860113896866956 ,fm: 0.7777535064276707 ,mi: 1.0187221082553575 ,nmi: 0.7523554576331947 ,ami: 0.7417569770964926 ,a: 0.18333333333333332 
wut,x2,hdbscan,1,UMAP_global,120 x 2,120 x 2,"cf: [[ 0  0  0  0  0  0]
 [ 0  6  0  4  0  0]
 [ 7  0  0 14  1  0]
 [ 0 46  0  0  0  0]
 [ 0  0 31  0  0  0]
 [ 4  0  0  0  7  0]] ",nca: nan ,r: 0.9246498599439776 ,ar: 0.809110319478279 ,fm: 0.8616622002248113 ,mi: 1.1347206996110835 ,nmi: 0.7961464063751745 ,ami: 0.7847602960479233 ,a: 0.05 
wut,x2,kmodes,1,UMAP_global,120 x 2,120 x 2,"cf: [[ 0  9  1  0  0]
 [ 0 22  0  0  0]
 [ 0 44  0  1  1]
 [ 0 31  0  0  0]
 [ 0 11  0  0  0]] ",nca: 0.007246376811594235 ,r: 0.2785714285714286 ,ar: -0.002810957466231537 ,fm: 0.49164028630251744 ,mi: 0.03717223902082221 ,nmi: 0.0465023729347282 ,ami: 0.000506803824886755 ,a: 0.18333333333333332 
wut,x2,birch,1,UMAP_global,120 x 2,120 x 2,"cf: [[ 0  4  1  0  5]
 [ 0 22  0  0  0]
 [ 0  0 32  0 14]
 [ 0  0  0 31  0]
 [ 0 11  0  0  0]] ",nca: 0.5652173913043478 ,r: 0.8665266106442577 ,ar: 0.649943821612011 ,fm: 0.7396886372637969 ,mi: 1.0450976353069132 ,nmi: 0.7428842200040812 ,ami: 0.7325048732443017 ,a: 0.7083333333333334 
wut,x2,minibatchkmeans,1,UMAP_global,120 x 2,120 x 2,"cf: [[ 0  1  4  0  5]
 [ 0  0 22  0  0]
 [ 0 27  0  0 19]
 [ 0  0  0 31  0]
 [ 0  0 11  0  0]] ",nca: 0.5289855072463768 ,r: 0.8546218487394958 ,ar: 0.6156267357896685 ,fm: 0.713000172590871 ,mi: 1.0353947719850314 ,nmi: 0.7321833345097274 ,ami: 0.7214613489709927 ,a: 0.25833333333333336 
wut,x2,latentdirichletallocation,1,UMAP_global,120 x 2,120 x 2,"cf: [[ 0  0  0  7  3]
 [ 0  0  0 22  0]
 [ 0  0  0  9 37]
 [ 0  0  0  0 31]
 [ 0  0  0 11  0]] ",nca: 0.3333333333333333 ,r: 0.6445378151260505 ,ar: 0.2977946701227739 ,fm: 0.5704747920525763 ,mi: 0.4358531663442201 ,nmi: 0.40913685064419325 ,ami: 0.3993357649543941 ,a: 0.0 
wut,x2,spectralcoclustering,1,UMAP_global,120 x 2,120 x 2,"cf: [[ 0  1  4  5  0]
 [ 0  0 22  0  0]
 [ 0  2  0 44  0]
 [ 0 16  0  0 15]
 [ 0  0 11  0  0]] ",nca: 0.4908835904628332 ,r: 0.8598039215686275 ,ar: 0.6503312370252778 ,fm: 0.7484974644259675 ,mi: 0.9541581455246474 ,nmi: 0.697838923401868 ,ami: 0.6850937656199301 ,a: 0.0 
wut,x2,bayesiangaussianmixture,1,UMAP_global,120 x 2,120 x 2,"cf: [[ 0  6  4  0  0]
 [ 0  0 22  0  0]
 [ 0 41  0  0  5]
 [ 0  0  0  0 31]
 [ 0  0 11  0  0]] ",nca: 0.6304347826086957 ,r: 0.8593837535014006 ,ar: 0.6640873199776614 ,fm: 0.7678983753223552 ,mi: 0.9032287557472725 ,nmi: 0.7096817103590005 ,ami: 0.7013654047351848 ,a: 0.0 
wut,x2,genie,1,Base,120 x 2,120 x 2,"cf: [[ 0  6  4  0  0]
 [ 0  0 22  0  0]
 [ 0 46  0  0  0]
 [ 0  0  0 15 16]
 [ 0  0 11  0  0]] ",nca: 0.5053763440860215 ,r: 0.8719887955182073 ,ar: 0.6860113896866956 ,fm: 0.7777535064276707 ,mi: 1.0187221082553575 ,nmi: 0.7523554576331947 ,ami: 0.7417569770964926 ,a: 0.125 
wut,x2,kmeans,1,Base,120 x 2,120 x 2,"cf: [[ 0  4  5  1  0]
 [ 0 21  1  0  0]
 [ 0  0 46  0  0]
 [ 0  0  0 31  0]
 [ 0  0  0  0 11]] ",nca: 0.9848484848484849 ,r: 0.9375350140056022 ,ar: 0.8457520789833987 ,fm: 0.8920527426088699 ,mi: 1.1481716379212625 ,nmi: 0.8457874344510287 ,ami: 0.8392286130112506 ,a: 0.9083333333333333 
wut,x2,agglomerative,1,Base,120 x 2,120 x 2,"cf: [[ 0  4  6  0  0]
 [ 0 21  1  0  0]
 [ 0  0 46  0  0]
 [ 0  0  0  0 31]
 [ 0  0  0 11  0]] ",nca: 0.9848484848484849 ,r: 0.9359943977591036 ,ar: 0.84250494642722 ,fm: 0.8902734837174145 ,mi: 1.1664425941856067 ,nmi: 0.8605959158107496 ,ami: 0.854653527614109 ,a: 0.5583333333333333 
wut,x2,spectral,1,Base,120 x 2,120 x 2,"cf: [[ 0  1  3  0  6]
 [ 0 21  0  0  1]
 [ 0  0  0  0 46]
 [ 0  0  0  0 31]
 [ 0  6  0  5  0]] ",nca: 0.4696969696969697 ,r: 0.6915966386554622 ,ar: 0.4079919884163996 ,fm: 0.6579453826115977 ,mi: 0.6419926972035378 ,nmi: 0.5660730672488324 ,ami: 0.5440996982147925 ,a: 0.175 
wut,x2,gaussianmixture,1,Base,120 x 2,120 x 2,"cf: [[ 0  4  0  6  0]
 [ 0 22  0  0  0]
 [ 0  0  0 46  0]
 [ 0  0 31  0  0]
 [ 0  2  0  0  9]] ",nca: 0.9393939393939394 ,r: 0.9358543417366947 ,ar: 0.8423455802699118 ,fm: 0.8903522725017939 ,mi: 1.1463194652825943 ,nmi: 0.8490567310882281 ,ami: 0.8426028358407748 ,a: 0.25833333333333336 
wut,x2,hdbscan,1,Base,120 x 2,120 x 2,"cf: [[ 0  0  0  0  0  0]
 [10  0  0  0  0  0]
 [ 2 20  0  0  0  0]
 [ 4  0 42  0  0  0]
 [21  0  0  5  5  0]
 [10  1  0  0  0  0]] ",nca: nan ,r: 0.8253501400560224 ,ar: 0.5683647641048702 ,fm: 0.6909953661169543 ,mi: 0.8871929208990798 ,nmi: 0.6431791497428193 ,ami: 0.6228999095262545 ,a: 0.041666666666666664 
wut,x2,kmodes,1,Base,120 x 2,120 x 2,"cf: [[ 0  9  0  0  1]
 [ 0 22  0  0  0]
 [ 0 45  0  1  0]
 [ 0 30  1  0  0]
 [ 0 11  0  0  0]] ",nca: 0.017999064983637236 ,r: 0.28249299719887955 ,ar: 0.002640160143757685 ,fm: 0.4956119908658384 ,mi: 0.04032045783820577 ,nmi: 0.05044078636858385 ,ami: 0.004635201546210001 ,a: 0.18333333333333332 
wut,x2,birch,1,Base,120 x 2,120 x 2,"cf: [[ 0  6  4  0  0]
 [ 0  0  0  0 22]
 [ 0 45  0  0  1]
 [ 0 31  0  0  0]
 [ 0  0  0 11  0]] ",nca: 0.6666666666666666 ,r: 0.7280112044817927 ,ar: 0.460804553763882 ,fm: 0.6829824188407986 ,mi: 0.8130152464801509 ,nmi: 0.6879467869164935 ,ami: 0.6723813483635639 ,a: 0.0 
wut,x2,minibatchkmeans,1,Base,120 x 2,120 x 2,"cf: [[ 0  5  0  1  4]
 [ 0  1  1  0 20]
 [ 0 46  0  0  0]
 [ 0  0  0 31  0]
 [ 0  0 11  0  0]] ",nca: 0.9696969696969697 ,r: 0.9337535014005602 ,ar: 0.8360551486786333 ,fm: 0.8846807054948772 ,mi: 1.120973689384332 ,nmi: 0.8238392863175306 ,ami: 0.8163669242678517 ,a: 0.26666666666666666 
wut,x2,latentdirichletallocation,1,Base,120 x 2,120 x 2,"cf: [[ 0  0  0  1  9]
 [ 0  0  0  0 22]
 [ 0 33  0 10  3]
 [ 0 31  0  0  0]
 [ 0  0  0 11  0]] ",nca: 0.6666666666666666 ,r: 0.7320728291316526 ,ar: 0.40196669253406064 ,fm: 0.6011088637197148 ,mi: 0.6897450278326656 ,nmi: 0.5612368327777566 ,ami: 0.5479534361086539 ,a: 0.0 
wut,x2,spectralcoclustering,1,Base,120 x 2,120 x 2,"cf: [[ 0  1  1  0  8]
 [ 0 16  0  4  2]
 [ 0 16  1 29  0]
 [ 0 11  4 10  6]
 [ 0  0  6  5  0]] ",nca: 0.36557014747758093 ,r: 0.6586834733893557 ,ar: 0.16879259296767593 ,fm: 0.4065435899285328 ,mi: 0.35381315642379585 ,nmi: 0.2632873139983969 ,ami: 0.23141690765837172 ,a: 0.225 
wut,x2,bayesiangaussianmixture,1,Base,120 x 2,120 x 2,"cf: [[ 0  0  1  5  4]
 [ 0  0  0  0 22]
 [ 0 44  0  1  1]
 [ 0 31  0  0  0]
 [ 0  0  0  0 11]] ",nca: 0.34057971014492755 ,r: 0.7341736694677871 ,ar: 0.46270227484789667 ,fm: 0.6773511897926284 ,mi: 0.6888493788688831 ,nmi: 0.5984988927916093 ,ami: 0.580595458145604 ,a: 0.09166666666666666 
wut,x3,genie,0,UMAP_local,185 x 2,185 x 2,"cf: [[ 2 63  0  0]
 [ 4  0 46  0]
 [40  0  0  0]
 [ 0  0  0 30]] ",nca: 0.963076923076923 ,r: 0.9672150411280847 ,ar: 0.9155847318755997 ,fm: 0.9378704366927157 ,mi: 1.2303110861735285 ,nmi: 0.9109479589676058 ,ami: 0.9092658015633156 ,a: 0.17297297297297298 
wut,x3,kmeans,0,UMAP_local,185 x 2,185 x 2,"cf: [[63  0  2  0]
 [ 0  0  4 46]
 [ 0  0 40  0]
 [ 0 30  0  0]] ",nca: 0.963076923076923 ,r: 0.9672150411280847 ,ar: 0.9155847318755997 ,fm: 0.9378704366927157 ,mi: 1.2303110861735285 ,nmi: 0.9109479589676058 ,ami: 0.9092658015633156 ,a: 0.5567567567567567 
wut,x3,agglomerative,0,UMAP_local,185 x 2,185 x 2,"cf: [[ 2  0  0 63]
 [ 4 46  0  0]
 [40  0  0  0]
 [ 0  0 30  0]] ",nca: 0.963076923076923 ,r: 0.9672150411280847 ,ar: 0.9155847318755997 ,fm: 0.9378704366927157 ,mi: 1.2303110861735285 ,nmi: 0.9109479589676058 ,ami: 0.9092658015633156 ,a: 0.2594594594594595 
wut,x3,spectral,0,UMAP_local,185 x 2,185 x 2,"cf: [[ 0 63  2  0]
 [46  0  4  0]
 [ 0  0 40  0]
 [ 0  0  0 30]] ",nca: 0.963076923076923 ,r: 0.9672150411280847 ,ar: 0.9155847318755997 ,fm: 0.9378704366927157 ,mi: 1.2303110861735282 ,nmi: 0.9109479589676056 ,ami: 0.9092658015633155 ,a: 0.3783783783783784 
wut,x3,gaussianmixture,0,UMAP_local,185 x 2,185 x 2,"cf: [[63  0  2  0]
 [ 0  0  4 46]
 [ 0  0 40  0]
 [ 0 30  0  0]] ",nca: 0.963076923076923 ,r: 0.9672150411280847 ,ar: 0.9155847318755997 ,fm: 0.9378704366927157 ,mi: 1.2303110861735285 ,nmi: 0.9109479589676058 ,ami: 0.9092658015633156 ,a: 0.5567567567567567 
wut,x3,hdbscan,0,UMAP_local,185 x 2,185 x 2,"cf: [[ 0  0  0  0  0]
 [63  0  2  0  0]
 [ 0  0  4 46  0]
 [ 0  0 40  0  0]
 [ 0 30  0  0  0]] ",nca: nan ,r: 0.9672150411280847 ,ar: 0.9155847318755997 ,fm: 0.9378704366927157 ,mi: 1.2303110861735285 ,nmi: 0.9109479589676058 ,ami: 0.9092658015633156 ,a: 0.021621621621621623 
wut,x3,kmodes,0,UMAP_local,185 x 2,185 x 2,"cf: [[64  1  0  0]
 [49  0  1  0]
 [39  0  0  1]
 [30  0  0  0]] ",nca: 0.02012820512820516 ,r: 0.2799647473560517 ,ar: -0.001013202636976003 ,fm: 0.5062364694759048 ,mi: 0.02103635542609716 ,nmi: 0.029056280162425924 ,ami: -0.0013439905805391911 ,a: 0.34594594594594597 
wut,x3,birch,0,UMAP_local,185 x 2,185 x 2,"cf: [[ 2 63  0  0]
 [ 4  0  0 46]
 [40  0  0  0]
 [ 0  0 30  0]] ",nca: 0.963076923076923 ,r: 0.9672150411280847 ,ar: 0.9155847318755997 ,fm: 0.9378704366927157 ,mi: 1.2303110861735285 ,nmi: 0.9109479589676058 ,ami: 0.9092658015633156 ,a: 0.010810810810810811 
wut,x3,minibatchkmeans,0,UMAP_local,185 x 2,185 x 2,"cf: [[63  2  0  0]
 [ 0  4 46  0]
 [ 0 40  0  0]
 [ 0  0  0 30]] ",nca: 0.963076923076923 ,r: 0.9672150411280847 ,ar: 0.9155847318755997 ,fm: 0.9378704366927157 ,mi: 1.2303110861735285 ,nmi: 0.9109479589676058 ,ami: 0.9092658015633156 ,a: 0.5243243243243243 
wut,x3,latentdirichletallocation,0,UMAP_local,185 x 2,185 x 2,"cf: [[ 0  0 65  0]
 [39  0 11  0]
 [ 0  0 40  0]
 [ 0  0  0 30]] ",nca: 0.5933333333333334 ,r: 0.7541715628672151 ,ar: 0.48967375148952125 ,fm: 0.6869673716351723 ,mi: 0.7734548202738477 ,nmi: 0.6835366051154536 ,ami: 0.6787856340177554 ,a: 0.3783783783783784 
wut,x3,spectralcoclustering,0,UMAP_local,185 x 2,185 x 2,"cf: [[ 0 64  0  1]
 [46  4  0  0]
 [ 0 31  0  9]
 [ 0  0 30  0]] ",nca: 0.7098717948717949 ,r: 0.8296122209165687 ,ar: 0.6135787781642494 ,fm: 0.744383564531488 ,mi: 0.9148000455769913 ,nmi: 0.7375682047260008 ,ami: 0.7319478250745158 ,a: 0.021621621621621623 
wut,x3,bayesiangaussianmixture,0,UMAP_local,185 x 2,185 x 2,"cf: [[63  0  0  2]
 [ 0 46  0  4]
 [ 0  0  0 40]
 [ 0  0 30  0]] ",nca: 0.963076923076923 ,r: 0.9672150411280847 ,ar: 0.9155847318755997 ,fm: 0.9378704366927157 ,mi: 1.2303110861735282 ,nmi: 0.9109479589676056 ,ami: 0.9092658015633155 ,a: 0.5891891891891892 
wut,x3,genie,0,UMAP_global,185 x 2,185 x 2,"cf: [[ 2 63  0  0]
 [ 4  0 46  0]
 [40  0  0  0]
 [ 0  0  2 28]] ",nca: 0.9408547008547009 ,r: 0.9585193889541715 ,ar: 0.8934670490560899 ,fm: 0.9216812248237816 ,mi: 1.185371356854823 ,nmi: 0.8793734733572021 ,ami: 0.8770886554605559 ,a: 0.16216216216216217 
wut,x3,kmeans,0,UMAP_global,185 x 2,185 x 2,"cf: [[ 2 63  0  0]
 [ 4  0 46  0]
 [40  0  0  0]
 [ 0  0  0 30]] ",nca: 0.963076923076923 ,r: 0.9672150411280847 ,ar: 0.9155847318755997 ,fm: 0.9378704366927157 ,mi: 1.2303110861735285 ,nmi: 0.9109479589676058 ,ami: 0.9092658015633156 ,a: 0.17297297297297298 
wut,x3,agglomerative,0,UMAP_global,185 x 2,185 x 2,"cf: [[ 2 63  0  0]
 [ 4  0 46  0]
 [40  0  0  0]
 [ 0  0  3 27]] ",nca: 0.9297435897435897 ,r: 0.9543478260869566 ,ar: 0.8829273345190027 ,fm: 0.9140012467657622 ,mi: 1.1693064726442421 ,nmi: 0.8684436678413204 ,ami: 0.865947758364779 ,a: 0.15675675675675677 
wut,x3,spectral,0,UMAP_global,185 x 2,185 x 2,"cf: [[ 0 63  2  0]
 [46  0  4  0]
 [ 0  0 40  0]
 [ 1  0  0 29]] ",nca: 0.951965811965812 ,r: 0.9628084606345476 ,ar: 0.9043539247289395 ,fm: 0.9296392043579754 ,mi: 1.204151988649883 ,nmi: 0.8923919185666638 ,ami: 0.890356642270249 ,a: 0.372972972972973 
wut,x3,gaussianmixture,0,UMAP_global,185 x 2,185 x 2,"cf: [[63  0  2  0]
 [ 0  0  4 46]
 [ 0  0 40  0]
 [ 0 30  0  0]] ",nca: 0.963076923076923 ,r: 0.9672150411280847 ,ar: 0.9155847318755997 ,fm: 0.9378704366927157 ,mi: 1.2303110861735285 ,nmi: 0.9109479589676058 ,ami: 0.9092658015633156 ,a: 0.5567567567567567 
wut,x3,hdbscan,0,UMAP_global,185 x 2,185 x 2,"cf: [[ 0  0  0  0  0  0]
 [ 0  0  0  0  0  0]
 [ 1 63  0  1  0  0]
 [ 2  0  0  4 44  0]
 [ 2  0  0 38  0  0]
 [ 2  0 28  0  0  0]] ",nca: nan ,r: 0.9563454759106933 ,ar: 0.8855105610117046 ,fm: 0.9154159561745389 ,mi: 1.1990149394036527 ,nmi: 0.8550729433432095 ,ami: 0.8513859055042023 ,a: 0.021621621621621623 
wut,x3,kmodes,0,UMAP_global,185 x 2,185 x 2,"cf: [[64  1  0  0]
 [49  0  1  0]
 [39  0  0  1]
 [30  0  0  0]] ",nca: 0.02012820512820516 ,r: 0.2799647473560517 ,ar: -0.001013202636976003 ,fm: 0.5062364694759048 ,mi: 0.02103635542609716 ,nmi: 0.029056280162425924 ,ami: -0.0013439905805391911 ,a: 0.34594594594594597 
wut,x3,birch,0,UMAP_global,185 x 2,185 x 2,"cf: [[ 0 63  2  0]
 [ 7  0  4 39]
 [ 0  0 40  0]
 [30  0  0  0]] ",nca: 0.9164102564102564 ,r: 0.9388366627497062 ,ar: 0.8418087096270173 ,fm: 0.8833173435025529 ,mi: 1.133302057662261 ,nmi: 0.8363246054904274 ,ami: 0.8332470198845432 ,a: 0.21621621621621623 
wut,x3,minibatchkmeans,0,UMAP_global,185 x 2,185 x 2,"cf: [[63  2  0  0]
 [ 0  4  0 46]
 [ 0 40  0  0]
 [ 0  0 30  0]] ",nca: 0.963076923076923 ,r: 0.9672150411280847 ,ar: 0.9155847318755997 ,fm: 0.9378704366927157 ,mi: 1.2303110861735285 ,nmi: 0.9109479589676058 ,ami: 0.9092658015633156 ,a: 0.3621621621621622 
wut,x3,latentdirichletallocation,0,UMAP_global,185 x 2,185 x 2,"cf: [[15  1 49  0]
 [ 0  3  0 47]
 [ 0 38  1  1]
 [ 0  0  0 30]] ",nca: 0.567948717948718 ,r: 0.8408930669800235 ,ar: 0.6106543653358735 ,fm: 0.7229694520852458 ,mi: 0.9299892257438511 ,nmi: 0.7139263340386238 ,ami: 0.7082226092842061 ,a: 0.2648648648648649 
wut,x3,spectralcoclustering,0,UMAP_global,185 x 2,185 x 2,"cf: [[ 2 63  0  0]
 [ 3  0  5 42]
 [40  0  0  0]
 [ 0  0 30  0]] ",nca: 0.9364102564102564 ,r: 0.9510575793184489 ,ar: 0.8734526407152373 ,fm: 0.90668732159682 ,mi: 1.1666044941749578 ,nmi: 0.8611042079266414 ,ami: 0.8584916608703823 ,a: 0.010810810810810811 
wut,x3,bayesiangaussianmixture,0,UMAP_global,185 x 2,185 x 2,"cf: [[ 2  0 63  0]
 [ 4 13  0 33]
 [40  0  0  0]
 [ 0 30  0  0]] ",nca: 0.8764102564102565 ,r: 0.9190951821386604 ,ar: 0.7911070483079223 ,fm: 0.8460099272661789 ,mi: 1.0878714003467258 ,nmi: 0.8038144743723525 ,ami: 0.8001192337758777 ,a: 0.08108108108108109 
wut,x3,genie,0,Base,185 x 2,185 x 2,"cf: [[65  0  0  0]
 [ 4 23 23  0]
 [40  0  0  0]
 [ 0  3  0 27]] ",nca: 0.4533333333333333 ,r: 0.7718566392479436 ,ar: 0.49671314809300754 ,fm: 0.6713371848205159 ,mi: 0.8271281515866875 ,nmi: 0.6684479321857485 ,ami: 0.6614892192860059 ,a: 0.6216216216216216 
wut,x3,kmeans,0,Base,185 x 2,185 x 2,"cf: [[ 5  0  0 60]
 [ 5 45  0  0]
 [40  0  0  0]
 [ 0  0 30  0]] ",nca: 0.9410256410256411 ,r: 0.9441833137485312 ,ar: 0.8558938343345038 ,fm: 0.8937919350413701 ,mi: 1.1745233093401912 ,nmi: 0.8684409018864321 ,ami: 0.8659597430920513 ,a: 0.2702702702702703 
wut,x3,agglomerative,0,Base,185 x 2,185 x 2,"cf: [[ 0 60  0  5]
 [46  0  0  4]
 [ 0  0  0 40]
 [ 0  0 30  0]] ",nca: 0.9476923076923077 ,r: 0.9492361927144536 ,ar: 0.8689019389127653 ,fm: 0.9033736272873971 ,mi: 1.1874959771580056 ,nmi: 0.877885047396947 ,ami: 0.8755824685679059 ,a: 0.0 
wut,x3,spectral,0,Base,185 x 2,185 x 2,"cf: [[ 2  0 63  0]
 [26  0  0 24]
 [40  0  0  0]
 [ 2 28  0  0]] ",nca: 0.7941880341880342 ,r: 0.8757931844888367 ,ar: 0.6924919038312236 ,fm: 0.7795326820995911 ,mi: 1.010173054823486 ,nmi: 0.7674557239082854 ,ami: 0.7629139496931968 ,a: 0.010810810810810811 
wut,x3,gaussianmixture,0,Base,185 x 2,185 x 2,"cf: [[65  0  0  0]
 [ 1 46  3  0]
 [ 4  0 36  0]
 [ 0  0  0 30]] ",nca: 0.94 ,r: 0.954876615746181 ,ar: 0.8851837238203086 ,fm: 0.9160903930005311 ,mi: 1.1791767713840706 ,nmi: 0.8786053281656271 ,ami: 0.876295311370395 ,a: 0.9567567567567568 
wut,x3,hdbscan,0,Base,185 x 2,185 x 2,"cf: [[ 0  0  0  0  0  0]
 [ 0  0  0  0  0  0]
 [ 7  0  0  0 58  0]
 [22  0 10 15  3  0]
 [ 0  0  0  0 40  0]
 [ 4 26  0  0  0  0]] ",nca: nan ,r: 0.7511750881316098 ,ar: 0.424436815308128 ,fm: 0.6058535888458298 ,mi: 0.763527976135605 ,nmi: 0.5823229335020379 ,ami: 0.5708721075185699 ,a: 0.2972972972972973 
wut,x3,kmodes,0,Base,185 x 2,185 x 2,"cf: [[63  0  1  1]
 [50  0  0  0]
 [39  1  0  0]
 [30  0  0  0]] ",nca: 0.013461538461538414 ,r: 0.2783196239717979 ,ar: -0.003300299305587617 ,fm: 0.5046139166891231 ,mi: 0.019690009975471063 ,nmi: 0.027196652398185524 ,ami: -0.003261843333889671 ,a: 0.34054054054054056 
wut,x3,birch,0,Base,185 x 2,185 x 2,"cf: [[ 0  0 63  2]
 [41  0  0  9]
 [ 0  0  0 40]
 [ 2 28  0  0]] ",nca: 0.9075213675213675 ,r: 0.9358989424206815 ,ar: 0.835546409414322 ,fm: 0.8791677805937905 ,mi: 1.1315834366723259 ,nmi: 0.8400088559212392 ,ami: 0.836976073758223 ,a: 0.0 
wut,x3,minibatchkmeans,0,Base,185 x 2,185 x 2,"cf: [[63  0  0  2]
 [ 0  0 37 13]
 [ 0  0  0 40]
 [ 0 30  0  0]] ",nca: 0.903076923076923 ,r: 0.9275558166862514 ,ar: 0.8145350459852011 ,fm: 0.8638941619445052 ,mi: 1.14119402267749 ,nmi: 0.8479712219027822 ,ami: 0.845086895096939 ,a: 0.34054054054054056 
wut,x3,latentdirichletallocation,0,Base,185 x 2,185 x 2,"cf: [[ 0 57  4  4]
 [44  6  0  0]
 [ 0 38  0  2]
 [ 0  0  0 30]] ",nca: 0.6305128205128204 ,r: 0.7804935370152761 ,ar: 0.5103205328825288 ,fm: 0.6772488079611162 ,mi: 0.7702956628760079 ,nmi: 0.6364361786041118 ,ami: 0.6282585097499032 ,a: 0.1945945945945946 
wut,x3,spectralcoclustering,0,Base,185 x 2,185 x 2,"cf: [[29  0  0 36]
 [20  3 13 14]
 [ 9  0  0 31]
 [ 0 30  0  0]] ",nca: 0.49371794871794866 ,r: 0.6856051703877791 ,ar: 0.2461534997809 ,fm: 0.46815511680292216 ,mi: 0.5269063315272763 ,nmi: 0.41058869960430416 ,ami: 0.3985685033530031 ,a: 0.17297297297297298 
wut,x3,bayesiangaussianmixture,0,Base,185 x 2,185 x 2,"cf: [[ 0  1  0 64]
 [46  3  0  1]
 [ 0 39  0  1]
 [ 0  0 30  0]] ",nca: 0.9598717948717949 ,r: 0.9660399529964747 ,ar: 0.912929649178769 ,fm: 0.9360478211037901 ,mi: 1.2072045711457102 ,nmi: 0.8958361598776056 ,ami: 0.8938634463951491 ,a: 0.016216216216216217 
wut,x3,genie,1,UMAP_local,185 x 2,185 x 2,"cf: [[45 63  0]
 [47  0  0]
 [ 0  0 30]] ",nca: 0.7916666666666667 ,r: 0.709165687426557 ,ar: 0.3987876332009837 ,fm: 0.6439316074244 ,mi: 0.6127297114127697 ,nmi: 0.623153784606956 ,ami: 0.6188459370254837 ,a: 0.40540540540540543 
wut,x3,kmeans,1,UMAP_local,185 x 2,185 x 2,"cf: [[63  0 45]
 [ 0  0 47]
 [ 0 30  0]] ",nca: 0.7916666666666667 ,r: 0.709165687426557 ,ar: 0.3987876332009837 ,fm: 0.6439316074244 ,mi: 0.6127297114127697 ,nmi: 0.623153784606956 ,ami: 0.6188459370254837 ,a: 0.34054054054054056 
wut,x3,agglomerative,1,UMAP_local,185 x 2,185 x 2,"cf: [[45 63  0]
 [47  0  0]
 [ 0  0 30]] ",nca: 0.7916666666666667 ,r: 0.709165687426557 ,ar: 0.3987876332009837 ,fm: 0.6439316074244 ,mi: 0.6127297114127697 ,nmi: 0.623153784606956 ,ami: 0.6188459370254837 ,a: 0.40540540540540543 
wut,x3,spectral,1,UMAP_local,185 x 2,185 x 2,"cf: [[  0 108   0]
 [  0   1  46]
 [ 30   0   0]] ",nca: 0.9893617021276595 ,r: 0.990951821386604 ,ar: 0.9815460660624193 ,fm: 0.9894969158480026 ,mi: 0.926573241871762 ,nmi: 0.9702110285905284 ,ami: 0.9698595134327532 ,a: 0.005405405405405406 
wut,x3,gaussianmixture,1,UMAP_local,185 x 2,185 x 2,"cf: [[63  0 45]
 [ 0  0 47]
 [ 0 30  0]] ",nca: 0.7916666666666667 ,r: 0.709165687426557 ,ar: 0.3987876332009837 ,fm: 0.6439316074244 ,mi: 0.6127297114127697 ,nmi: 0.623153784606956 ,ami: 0.6188459370254837 ,a: 0.34054054054054056 
wut,x3,hdbscan,1,UMAP_local,185 x 2,185 x 2,"cf: [[ 0  0  0  0]
 [63  0 45  0]
 [ 0  0 47  0]
 [ 0 30  0  0]] ",nca: nan ,r: 0.709165687426557 ,ar: 0.3987876332009837 ,fm: 0.6439316074244 ,mi: 0.6127297114127697 ,nmi: 0.623153784606956 ,ami: 0.6188459370254837 ,a: 0.25405405405405407 
wut,x3,kmodes,1,UMAP_local,185 x 2,185 x 2,"cf: [[107   1   0]
 [ 46   0   1]
 [ 30   0   0]] ",nca: 0.015267927501970036 ,r: 0.43213866039953 ,ar: 0.0008847939872394724 ,fm: 0.6479327208853551 ,mi: 0.01034022370618266 ,nmi: 0.020185876200245537 ,ami: -0.00013573107627690433 ,a: 0.5783783783783784 
wut,x3,birch,1,UMAP_local,185 x 2,185 x 2,"cf: [[45 63  0]
 [47  0  0]
 [ 0  0 30]] ",nca: 0.7916666666666667 ,r: 0.709165687426557 ,ar: 0.3987876332009837 ,fm: 0.6439316074244 ,mi: 0.6127297114127697 ,nmi: 0.623153784606956 ,ami: 0.6188459370254837 ,a: 0.40540540540540543 
wut,x3,minibatchkmeans,1,UMAP_local,185 x 2,185 x 2,"cf: [[63 45  0]
 [ 0  1 46]
 [ 0  0 30]] ",nca: 0.3023049645390071 ,r: 0.7470035252643948 ,ar: 0.4702391530039461 ,fm: 0.6762682567645736 ,mi: 0.6556907892302961 ,nmi: 0.6442032555223015 ,ami: 0.6402992955714538 ,a: 0.5081081081081081 
wut,x3,latentdirichletallocation,1,UMAP_local,185 x 2,185 x 2,"cf: [[  0   0 108]
 [ 11  15  21]
 [  0  30   0]] ",nca: 0.6170212765957448 ,r: 0.7985311398354876 ,ar: 0.6023437968865262 ,fm: 0.7992380534633695 ,mi: 0.49269731008390444 ,nmi: 0.5727667524493132 ,ami: 0.5669043368437833 ,a: 0.08108108108108109 
wut,x3,spectralcoclustering,1,UMAP_local,185 x 2,185 x 2,"cf: [[108   0   0]
 [  1   0  46]
 [  0  30   0]] ",nca: 0.9893617021276595 ,r: 0.990951821386604 ,ar: 0.9815460660624193 ,fm: 0.9894969158480026 ,mi: 0.926573241871762 ,nmi: 0.9702110285905284 ,ami: 0.9698595134327532 ,a: 0.5837837837837838 
wut,x3,bayesiangaussianmixture,1,UMAP_local,185 x 2,185 x 2,"cf: [[45  0 63]
 [ 1 46  0]
 [ 0 30  0]] ",nca: 0.3023049645390071 ,r: 0.7470035252643948 ,ar: 0.4702391530039461 ,fm: 0.6762682567645736 ,mi: 0.6556907892302961 ,nmi: 0.6442032555223016 ,ami: 0.640299295571454 ,a: 0.4918918918918919 
wut,x3,genie,1,UMAP_global,185 x 2,185 x 2,"cf: [[45 63  0]
 [ 1  0 46]
 [ 0  0 30]] ",nca: 0.3023049645390071 ,r: 0.7470035252643948 ,ar: 0.4702391530039461 ,fm: 0.6762682567645736 ,mi: 0.6556907892302961 ,nmi: 0.6442032555223015 ,ami: 0.6402992955714538 ,a: 0.40540540540540543 
wut,x3,kmeans,1,UMAP_global,185 x 2,185 x 2,"cf: [[45 63  0]
 [19  0 28]
 [ 0  0 30]] ",nca: 0.49379432624113473 ,r: 0.7025851938895418 ,ar: 0.37485578658661284 ,fm: 0.6132430022466266 ,mi: 0.5297858638471498 ,nmi: 0.5156040703397201 ,ami: 0.5103457679012352 ,a: 0.40540540540540543 
wut,x3,agglomerative,1,UMAP_global,185 x 2,185 x 2,"cf: [[ 0 63 45]
 [46  0  1]
 [30  0  0]] ",nca: 0.3023049645390071 ,r: 0.7470035252643948 ,ar: 0.4702391530039461 ,fm: 0.6762682567645736 ,mi: 0.6556907892302961 ,nmi: 0.6442032555223016 ,ami: 0.640299295571454 ,a: 0.0 
wut,x3,spectral,1,UMAP_global,185 x 2,185 x 2,"cf: [[45 63  0]
 [47  0  0]
 [ 0  0 30]] ",nca: 0.7916666666666667 ,r: 0.709165687426557 ,ar: 0.3987876332009837 ,fm: 0.6439316074244 ,mi: 0.6127297114127697 ,nmi: 0.623153784606956 ,ami: 0.6188459370254837 ,a: 0.40540540540540543 
wut,x3,gaussianmixture,1,UMAP_global,185 x 2,185 x 2,"cf: [[63  0 45]
 [ 0 15 32]
 [ 0 30  0]] ",nca: 0.6320921985815602 ,r: 0.6941833137485312 ,ar: 0.3599852931665588 ,fm: 0.6081476108151336 ,mi: 0.5199459581248234 ,nmi: 0.5115424130063444 ,ami: 0.5061743692188861 ,a: 0.42162162162162165 
wut,x3,hdbscan,1,UMAP_global,185 x 2,185 x 2,"cf: [[ 0  0  0  0  0]
 [ 0  0  0  0  0]
 [ 1 63  0 44  0]
 [ 2  0  0 45  0]
 [ 1  0 28  1  0]] ",nca: nan ,r: 0.700352526439483 ,ar: 0.3780649300155744 ,fm: 0.6275212143542469 ,mi: 0.5717037778314662 ,nmi: 0.5595726034315971 ,ami: 0.5518338064191494 ,a: 0.24324324324324326 
wut,x3,kmodes,1,UMAP_global,185 x 2,185 x 2,"cf: [[108   0   0]
 [ 45   1   1]
 [ 30   0   0]] ",nca: 0.010638297872340385 ,r: 0.43942420681551114 ,ar: 0.01370324049997432 ,fm: 0.6535582395374895 ,mi: 0.014987764480008776 ,nmi: 0.029258666631264293 ,ami: 0.009125231457554929 ,a: 0.5891891891891892 
wut,x3,birch,1,UMAP_global,185 x 2,185 x 2,"cf: [[ 0 63 45]
 [46  0  1]
 [30  0  0]] ",nca: 0.3023049645390071 ,r: 0.7470035252643948 ,ar: 0.4702391530039461 ,fm: 0.6762682567645736 ,mi: 0.6556907892302961 ,nmi: 0.6442032555223016 ,ami: 0.640299295571454 ,a: 0.0 
wut,x3,minibatchkmeans,1,UMAP_global,185 x 2,185 x 2,"cf: [[63 45  0]
 [ 0 34 13]
 [ 0  0 30]] ",nca: 0.6533687943262412 ,r: 0.694653349001175 ,ar: 0.3617315655008624 ,fm: 0.6104293795956711 ,mi: 0.5230332109924195 ,nmi: 0.5161514461540437 ,ami: 0.5108154028237956 ,a: 0.6864864864864865 
wut,x3,latentdirichletallocation,1,UMAP_global,185 x 2,185 x 2,"cf: [[22 21 65]
 [ 0 47  0]
 [ 0 30  0]] ",nca: 0.30092592592592593 ,r: 0.6307873090481786 ,ar: 0.24319975934934202 ,fm: 0.5624067502534904 ,mi: 0.40380439671648677 ,nmi: 0.42181271637738504 ,ami: 0.41496309013565014 ,a: 0.372972972972973 
wut,x3,spectralcoclustering,1,UMAP_global,185 x 2,185 x 2,"cf: [[63 45  0]
 [ 0 16 31]
 [ 0  0 30]] ",nca: 0.46187943262411346 ,r: 0.7073443008225617 ,ar: 0.3847613699151381 ,fm: 0.6193607383938893 ,mi: 0.5390645477572868 ,nmi: 0.5244307680674862 ,ami: 0.5192705384422223 ,a: 0.5891891891891892 
wut,x3,bayesiangaussianmixture,1,UMAP_global,185 x 2,185 x 2,"cf: [[ 0 63 45]
 [ 7  0 40]
 [30  0  0]] ",nca: 0.7171985815602837 ,r: 0.6988836662749707 ,ar: 0.3733455287442855 ,fm: 0.6219840534535577 ,mi: 0.5426257270691752 ,nmi: 0.5417153280673491 ,ami: 0.5365926666189368 ,a: 0.0 
wut,x3,genie,1,Base,185 x 2,185 x 2,"cf: [[108   0   0]
 [  1  46   0]
 [  0   3  27]] ",nca: 0.9393617021276595 ,r: 0.9780846063454759 ,ar: 0.9553467153685131 ,fm: 0.9746698341063381 ,mi: 0.8655686283424755 ,nmi: 0.910283436316482 ,ami: 0.9092180583432882 ,a: 0.9783783783783784 
wut,x3,kmeans,1,Base,185 x 2,185 x 2,"cf: [[108   0   0]
 [  0  47   0]
 [  0   0  30]] ",nca: 1.0 ,r: 1.0 ,ar: 1.0 ,fm: 1.0 ,mi: 0.9573124128639829 ,nmi: 1.0 ,ami: 1.0 ,a: 1.0 
wut,x3,agglomerative,1,Base,185 x 2,185 x 2,"cf: [[108   0   0]
 [  1  46   0]
 [  0   0  30]] ",nca: 0.9893617021276595 ,r: 0.990951821386604 ,ar: 0.9815460660624193 ,fm: 0.9894969158480026 ,mi: 0.926573241871762 ,nmi: 0.9702110285905284 ,ami: 0.9698595134327532 ,a: 0.9945945945945946 
wut,x3,spectral,1,Base,185 x 2,185 x 2,"cf: [[  0   0 108]
 [ 45   0   2]
 [  0  28   2]] ",nca: 0.9453900709219858 ,r: 0.9658049353701528 ,ar: 0.9305297196889436 ,fm: 0.9610644262919855 ,mi: 0.8490469407915769 ,nmi: 0.8980893883543422 ,ami: 0.8968722122458227 ,a: 0.010810810810810811 
wut,x3,gaussianmixture,1,Base,185 x 2,185 x 2,"cf: [[108   0   0]
 [  4  43   0]
 [  0   0  30]] ",nca: 0.9574468085106382 ,r: 0.9645123384253819 ,ar: 0.9278667859783778 ,fm: 0.9594682315304314 ,mi: 0.8640339068577381 ,nmi: 0.9117681118577287 ,ami: 0.9107179987733187 ,a: 0.9783783783783784 
wut,x3,hdbscan,1,Base,185 x 2,185 x 2,"cf: [[  0   0   0   0   0]
 [  0   0   0   0   0]
 [  4   0 104   0   0]
 [  6   0  31  10   0]
 [  4  26   0   0   0]] ",nca: nan ,r: 0.7435957696827262 ,ar: 0.49562655718559445 ,fm: 0.7467391708842577 ,mi: 0.4824598228654328 ,nmi: 0.5313222798160243 ,ami: 0.5219683398704205 ,a: 0.6162162162162163 
wut,x3,kmodes,1,Base,185 x 2,185 x 2,"cf: [[106   1   1]
 [ 47   0   0]
 [ 30   0   0]] ",nca: 0.00462962962962965 ,r: 0.42508813160987075 ,ar: -0.011520154250891026 ,fm: 0.6424886705768379 ,mi: 0.005860719545801821 ,nmi: 0.011441121832323438 ,ami: -0.009061853991230568 ,a: 0.572972972972973 
wut,x3,birch,1,Base,185 x 2,185 x 2,"cf: [[45  0 63]
 [47  0  0]
 [ 2 28  0]] ",nca: 0.7583333333333333 ,r: 0.6950646298472385 ,ar: 0.37103515711667634 ,fm: 0.6297433559661357 ,mi: 0.560411516365479 ,nmi: 0.5736207615635586 ,ami: 0.5687072043378104 ,a: 0.24324324324324326 
wut,x3,minibatchkmeans,1,Base,185 x 2,185 x 2,"cf: [[108   0   0]
 [  0   0  47]
 [  0  30   0]] ",nca: 1.0 ,r: 1.0 ,ar: 1.0 ,fm: 1.0 ,mi: 0.9573124128639829 ,nmi: 1.0 ,ami: 1.0 ,a: 0.5837837837837838 
wut,x3,latentdirichletallocation,1,Base,185 x 2,185 x 2,"cf: [[ 1 11 96]
 [43  0  4]
 [ 0 30  0]] ",nca: 0.9018912529550827 ,r: 0.8770857814336075 ,ar: 0.7465365053709218 ,fm: 0.8514029727125927 ,mi: 0.7118484184032936 ,nmi: 0.724396519076448 ,ami: 0.721251752099077 ,a: 0.005405405405405406 
wut,x3,spectralcoclustering,1,Base,185 x 2,185 x 2,"cf: [[108   0   0]
 [ 30  13   4]
 [  0   0  30]] ",nca: 0.6382978723404256 ,r: 0.7695652173913043 ,ar: 0.5510558430875189 ,fm: 0.7846439074073225 ,mi: 0.5001768803503666 ,nmi: 0.5976272453227213 ,ami: 0.5919856913710012 ,a: 0.8162162162162162 
wut,x3,bayesiangaussianmixture,1,Base,185 x 2,185 x 2,"cf: [[  0 108   0]
 [ 43   4   0]
 [  0   0  30]] ",nca: 0.9574468085106382 ,r: 0.9645123384253819 ,ar: 0.9278667859783778 ,fm: 0.9594682315304314 ,mi: 0.8640339068577381 ,nmi: 0.9117681118577287 ,ami: 0.9107179987733187 ,a: 0.1837837837837838 
wut,z1,genie,0,UMAP_local,192 x 2,192 x 2,"cf: [[28  0 36]
 [29 35  0]
 [13 51  0]] ",nca: 0.40625 ,r: 0.6714659685863874 ,ar: 0.2766661553510852 ,fm: 0.5281465126699743 ,mi: 0.4152237574250194 ,nmi: 0.3880431018678956 ,ami: 0.38192486635611017 ,a: 0.328125 
wut,z1,kmeans,0,UMAP_local,192 x 2,192 x 2,"cf: [[21  0 43]
 [22 22 20]
 [19 45  0]] ",nca: 0.359375 ,r: 0.6590859511343804 ,ar: 0.22909030097311175 ,fm: 0.48351656438722235 ,mi: 0.31849258603806097 ,nmi: 0.28997914393897595 ,ami: 0.28308262824246927 ,a: 0.22395833333333334 
wut,z1,agglomerative,0,UMAP_local,192 x 2,192 x 2,"cf: [[ 0 31 33]
 [28 36  0]
 [51 13  0]] ",nca: 0.4375 ,r: 0.6668302792321117 ,ar: 0.26852220445311514 ,fm: 0.5241974572650319 ,mi: 0.40528389911342516 ,nmi: 0.38028844089345926 ,ami: 0.374063005279938 ,a: 0.1875 
wut,z1,spectral,0,UMAP_local,192 x 2,192 x 2,"cf: [[31  0 33]
 [46 18  0]
 [21 43  0]] ",nca: 0.453125 ,r: 0.6416339441535777 ,ar: 0.22401744051965428 ,fm: 0.5022874929320654 ,mi: 0.3703532093055888 ,nmi: 0.35123834069900156 ,ami: 0.3446470812840332 ,a: 0.2552083333333333 
wut,z1,gaussianmixture,0,UMAP_local,192 x 2,192 x 2,"cf: [[ 0 42 22]
 [19 21 24]
 [40  0 24]] ",nca: 0.328125 ,r: 0.6445789703315882 ,ar: 0.19709437445454212 ,fm: 0.46260561800466365 ,mi: 0.2964209754537264 ,nmi: 0.270122184219252 ,ami: 0.26302599528988774 ,a: 0.234375 
wut,z1,hdbscan,0,UMAP_local,192 x 2,192 x 2,"cf: [[ 0  0  0  0  0]
 [ 0  0  0  0  0]
 [ 4  0 28 32  0]
 [ 9 27 28  0  0]
 [ 3 50 11  0  0]] ",nca: nan ,r: 0.6757744328097731 ,ar: 0.2574159005907346 ,fm: 0.49638425115147067 ,mi: 0.3988010344642691 ,nmi: 0.3411287131648413 ,ami: 0.33193789903374843 ,a: 0.14583333333333334 
wut,z1,kmodes,0,UMAP_local,192 x 2,192 x 2,"cf: [[64  0  0]
 [62  1  1]
 [64  0  0]] ",nca: 0.0078125 ,r: 0.3369873472949389 ,ar: 0.00011023824810754086 ,fm: 0.5683856917197883 ,mi: 0.011553918003220726 ,nmi: 0.019856526572524992 ,ami: 9.713935632073422e-05 ,a: 0.3385416666666667 
wut,z1,birch,0,UMAP_local,192 x 2,192 x 2,"cf: [[15 49  0]
 [37 27  0]
 [31  0 33]] ",nca: 0.4296875 ,r: 0.6593041012216405 ,ar: 0.25236397768578006 ,fm: 0.513895859861335 ,mi: 0.3927039803559621 ,nmi: 0.36862038176619105 ,ami: 0.3622752592039273 ,a: 0.390625 
wut,z1,minibatchkmeans,0,UMAP_local,192 x 2,192 x 2,"cf: [[42  0 22]
 [19 24 21]
 [ 0 47 17]] ",nca: 0.359375 ,r: 0.6618128272251309 ,ar: 0.23621825854634024 ,fm: 0.4889168040041876 ,mi: 0.32353403386595564 ,nmi: 0.2948908969667789 ,ami: 0.28803399285221964 ,a: 0.4322916666666667 
wut,z1,latentdirichletallocation,0,UMAP_local,192 x 2,192 x 2,"cf: [[19  0 45]
 [25 15 24]
 [18 43  3]] ",nca: 0.3828125 ,r: 0.6539048865619547 ,ar: 0.2188496508273677 ,fm: 0.4776138587273193 ,mi: 0.27755103679170434 ,nmi: 0.2531193002608755 ,ami: 0.24585180674323046 ,a: 0.19270833333333334 
wut,z1,spectralcoclustering,0,UMAP_local,192 x 2,192 x 2,"cf: [[13  0 51]
 [36  0 28]
 [29 35  0]] ",nca: 0.453125 ,r: 0.6726112565445026 ,ar: 0.278568655567881 ,fm: 0.5289761557565411 ,mi: 0.41537149298160553 ,nmi: 0.3881543713985505 ,ami: 0.3820367836086237 ,a: 0.06770833333333333 
wut,z1,bayesiangaussianmixture,0,UMAP_local,192 x 2,192 x 2,"cf: [[45  0 19]
 [24 23 17]
 [ 0 43 21]] ",nca: 0.3203125 ,r: 0.6587587260034904 ,ar: 0.22938530057911186 ,fm: 0.48438651475593775 ,mi: 0.3191358850066216 ,nmi: 0.2909168126624233 ,ami: 0.2840203185931695 ,a: 0.4635416666666667 
wut,z1,genie,0,UMAP_global,192 x 2,192 x 2,"cf: [[17  0 47]
 [ 0 31 33]
 [12 52  0]] ",nca: 0.296875 ,r: 0.6829733856893543 ,ar: 0.30959118939553637 ,fm: 0.5548206093322275 ,mi: 0.4281226525734015 ,nmi: 0.40552799444878446 ,ami: 0.39949040029230326 ,a: 0.25 
wut,z1,kmeans,0,UMAP_global,192 x 2,192 x 2,"cf: [[44  0 20]
 [22 23 19]
 [ 0 46 18]] ",nca: 0.3515625 ,r: 0.663121727748691 ,ar: 0.23923813355876203 ,fm: 0.4909790498325752 ,mi: 0.3251869903920892 ,nmi: 0.2964328588813815 ,ami: 0.2895900134963923 ,a: 0.4427083333333333 
wut,z1,agglomerative,0,UMAP_global,192 x 2,192 x 2,"cf: [[48  0 16]
 [21 21 22]
 [ 4 45 15]] ",nca: 0.3984375 ,r: 0.6619219022687609 ,ar: 0.23857109691874445 ,fm: 0.4918611263334299 ,mi: 0.28283866024373466 ,nmi: 0.25845599733748165 ,ami: 0.25122467103088136 ,a: 0.4375 
wut,z1,spectral,0,UMAP_global,192 x 2,192 x 2,"cf: [[ 4 20 40]
 [19 26 19]
 [41 23  0]] ",nca: 0.3359375 ,r: 0.6351985165794066 ,ar: 0.17569631327693877 ,fm: 0.44814879581310335 ,mi: 0.2397083232284215 ,nmi: 0.2183943457294455 ,ami: 0.2107969938035315 ,a: 0.15625 
wut,z1,gaussianmixture,0,UMAP_global,192 x 2,192 x 2,"cf: [[20 30 14]
 [26 13 25]
 [26  0 38]] ",nca: 0.234375 ,r: 0.5888416230366492 ,ar: 0.08294776501996888 ,fm: 0.393774534981141 ,mi: 0.14152019400284901 ,nmi: 0.13055616610950896 ,ami: 0.1219880366795555 ,a: 0.3697916666666667 
wut,z1,hdbscan,0,UMAP_global,192 x 2,192 x 2,"cf: [[ 0  0  0  0  0]
 [ 0  0  0  0  0]
 [ 6 10 41  7  0]
 [18 23  7 16  0]
 [ 4 60  0  0  0]] ",nca: nan ,r: 0.6925719895287958 ,ar: 0.304286776778866 ,fm: 0.5335542135774001 ,mi: 0.3705833265378777 ,nmi: 0.3179230378739667 ,ami: 0.3084172978239619 ,a: 0.296875 
wut,z1,kmodes,0,UMAP_global,192 x 2,192 x 2,"cf: [[63  0  1]
 [63  1  0]
 [64  0  0]] ",nca: 0.015625 ,r: 0.3368782722513089 ,ar: -5.4257887740430265e-05 ,fm: 0.5682897292528425 ,mi: 0.011471242573629276 ,nmi: 0.019714440843327335 ,ami: -4.781077693329517e-05 ,a: 0.3333333333333333 
wut,z1,birch,0,UMAP_global,192 x 2,192 x 2,"cf: [[16 48  0]
 [19 25 20]
 [23  0 41]] ",nca: 0.34375 ,r: 0.6621400523560209 ,ar: 0.23778796856188195 ,fm: 0.490507447771393 ,mi: 0.32470724672807166 ,nmi: 0.296240303730724 ,ami: 0.2893895085217577 ,a: 0.4270833333333333 
wut,z1,minibatchkmeans,0,UMAP_global,192 x 2,192 x 2,"cf: [[43  0 21]
 [22 24 18]
 [ 0 49 15]] ",nca: 0.359375 ,r: 0.668466404886562 ,ar: 0.252936070770678 ,fm: 0.5012037650763407 ,mi: 0.3347872421775563 ,nmi: 0.30577899206608267 ,ami: 0.2990127288019137 ,a: 0.4270833333333333 
wut,z1,latentdirichletallocation,0,UMAP_global,192 x 2,192 x 2,"cf: [[16  5 43]
 [29 18 17]
 [14 50  0]] ",nca: 0.453125 ,r: 0.6690117801047121 ,ar: 0.2532280498088907 ,fm: 0.5007877470378647 ,mi: 0.29180053039701315 ,nmi: 0.2661972436555261 ,ami: 0.25905461864500945 ,a: 0.17708333333333334 
wut,z1,spectralcoclustering,0,UMAP_global,192 x 2,192 x 2,"cf: [[23 41  0]
 [25 19 20]
 [22  0 42]] ",nca: 0.34375 ,r: 0.6470331588132635 ,ar: 0.2025381457292008 ,fm: 0.4661840211930527 ,mi: 0.30044087611811954 ,nmi: 0.2737534777454042 ,ami: 0.26669349505268813 ,a: 0.4375 
wut,z1,bayesiangaussianmixture,0,UMAP_global,192 x 2,192 x 2,"cf: [[31 23 10]
 [15 27 22]
 [ 0 33 31]] ",nca: 0.1953125 ,r: 0.5880780977312391 ,ar: 0.08147293075246581 ,fm: 0.3929462666677135 ,mi: 0.14625132005891284 ,nmi: 0.13484759973958546 ,ami: 0.12632799528328448 ,a: 0.4635416666666667 
wut,z1,genie,0,Base,192 x 2,192 x 2,"cf: [[32  0 32]
 [16 26 22]
 [ 0 64  0]] ",nca: 0.421875 ,r: 0.7140052356020943 ,ar: 0.3668059991351778 ,fm: 0.5846950862843099 ,mi: 0.4675957327551197 ,nmi: 0.4335370889794579 ,ami: 0.4279258428990591 ,a: 0.3020833333333333 
wut,z1,kmeans,0,Base,192 x 2,192 x 2,"cf: [[23  0 41]
 [21 21 22]
 [22 42  0]] ",nca: 0.3125 ,r: 0.6473058464223386 ,ar: 0.20231801059488544 ,fm: 0.465493030261307 ,mi: 0.300063161075511 ,nmi: 0.2731594568614426 ,ami: 0.2661006953099053 ,a: 0.22916666666666666 
wut,z1,agglomerative,0,Base,192 x 2,192 x 2,"cf: [[48  0 16]
 [28 20 16]
 [ 0 44 20]] ",nca: 0.34375 ,r: 0.6675392670157068 ,ar: 0.2525037749221904 ,fm: 0.5019955256906792 ,mi: 0.33510668549991285 ,nmi: 0.3066725890069829 ,ami: 0.2999005905414964 ,a: 0.4583333333333333 
wut,z1,spectral,0,Base,192 x 2,192 x 2,"cf: [[25  0 39]
 [26 19 19]
 [23 41  0]] ",nca: 0.328125 ,r: 0.6395069808027923 ,ar: 0.18717020295796882 ,fm: 0.45695928540032593 ,mi: 0.2895270151095924 ,nmi: 0.26426651803812035 ,ami: 0.2571008951666571 ,a: 0.22916666666666666 
wut,z1,gaussianmixture,0,Base,192 x 2,192 x 2,"cf: [[25 39  0]
 [25 20 19]
 [25  5 34]] ",nca: 0.265625 ,r: 0.6143651832460733 ,ar: 0.13211554390860025 ,fm: 0.42123699876709264 ,mi: 0.2011718056995096 ,nmi: 0.18394292849950522 ,ami: 0.1759796957517586 ,a: 0.4114583333333333 
wut,z1,hdbscan,0,Base,192 x 2,192 x 2,"cf: [[ 0  0  0  0  0]
 [ 0  0  0  0  0]
 [16  0 18 30  0]
 [16  6  0 42  0]
 [31  0  0 33  0]] ",nca: nan ,r: 0.5508835078534031 ,ar: 0.04554068642353785 ,fm: 0.3983013761194901 ,mi: 0.16057016818720385 ,nmi: 0.15115743050112848 ,ami: 0.13742241018999435 ,a: 0.3125 
wut,z1,kmodes,0,Base,192 x 2,192 x 2,"cf: [[63  1  0]
 [64  0  0]
 [63  0  1]] ",nca: 0.015625 ,r: 0.3368782722513089 ,ar: -5.4257887740430265e-05 ,fm: 0.5682897292528425 ,mi: 0.011471242573629276 ,nmi: 0.019714440843327335 ,ami: -4.781077693329517e-05 ,a: 0.3333333333333333 
wut,z1,birch,0,Base,192 x 2,192 x 2,"cf: [[ 6 33 25]
 [31 12 21]
 [53  0 11]] ",nca: 0.3359375 ,r: 0.6397796684118674 ,ar: 0.20335403954197537 ,fm: 0.4778523906766116 ,mi: 0.24903088802874243 ,nmi: 0.2311884016243354 ,ami: 0.22356166552992107 ,a: 0.15104166666666666 
wut,z1,minibatchkmeans,0,Base,192 x 2,192 x 2,"cf: [[45 13  6]
 [22 22 20]
 [ 0 31 33]] ",nca: 0.28125 ,r: 0.6368346422338569 ,ar: 0.17918675618238644 ,fm: 0.4503513586246416 ,mi: 0.2358375445271491 ,nmi: 0.2148217441010433 ,ami: 0.2071914295126498 ,a: 0.5208333333333334 
wut,z1,latentdirichletallocation,0,Base,192 x 2,192 x 2,"cf: [[32 32  0]
 [15 24 25]
 [ 0 14 50]] ",nca: 0.328125 ,r: 0.6541775741710296 ,ar: 0.22501652500699074 ,fm: 0.48534618851610595 ,mi: 0.31505905165113646 ,nmi: 0.28928727814877786 ,ami: 0.282319801969777 ,a: 0.5520833333333334 
wut,z1,spectralcoclustering,0,Base,192 x 2,192 x 2,"cf: [[28 26 10]
 [36  0 28]
 [21  0 43]] ",nca: 0.3203125 ,r: 0.59396815008726 ,ar: 0.12165221382099307 ,fm: 0.4367447249933876 ,mi: 0.21698115909020535 ,nmi: 0.20722103612788656 ,ami: 0.19909079393647108 ,a: 0.3697916666666667 
wut,z1,bayesiangaussianmixture,0,Base,192 x 2,192 x 2,"cf: [[33 31  0]
 [33 31  0]
 [33 31  0]] ",nca: nan ,r: 0.49721858638743455 ,ar: -0.0070206622275675945 ,fm: 0.40091564896976223 ,mi: 0.0 ,nmi: 0.0 ,ami: -0.005911612472674558 ,a: 0.3333333333333333 
wut,z2,genie,0,UMAP_local,900 x 2,900 x 2,"cf: [[  0 335 165   0   0]
 [  0   0   0  77 123]
 [100   0   0   0   0]
 [  0  50   0   0   0]
 [  0   0  50   0   0]] ",nca: 0.65375 ,r: 0.7781584476578914 ,ar: 0.5012314115401715 ,fm: 0.6681028393012712 ,mi: 0.9313329083101292 ,nmi: 0.7008213971702005 ,ami: 0.6987588544540837 ,a: 0.0 
wut,z2,kmeans,0,UMAP_local,900 x 2,900 x 2,"cf: [[165 335   0   0   0]
 [  0   0 200   0   0]
 [  0   0   0 100   0]
 [  0   0   0   0  50]
 [ 50   0   0   0   0]] ",nca: 0.9175 ,r: 0.842973674453096 ,ar: 0.6433739639136113 ,fm: 0.7658145662773138 ,mi: 1.0965149141634538 ,nmi: 0.8198510742645512 ,ami: 0.8186107470684582 ,a: 0.18333333333333332 
wut,z2,agglomerative,0,UMAP_local,900 x 2,900 x 2,"cf: [[165   0 335   0   0]
 [  0 200   0   0   0]
 [  0   0   0 100   0]
 [  0   0   0   0  50]
 [ 50   0   0   0   0]] ",nca: 0.9175 ,r: 0.842973674453096 ,ar: 0.6433739639136113 ,fm: 0.7658145662773138 ,mi: 1.0965149141634538 ,nmi: 0.8198510742645512 ,ami: 0.8186107470684582 ,a: 0.40555555555555556 
wut,z2,spectral,0,UMAP_local,900 x 2,900 x 2,"cf: [[500   0   0   0   0]
 [  0 200   0   0   0]
 [  0   0   0   0 100]
 [  0   0  50   0   0]
 [  0   0   0  50   0]] ",nca: 1.0 ,r: 1.0 ,ar: 1.0 ,fm: 1.0 ,mi: 1.22607605036617 ,nmi: 0.9999999999999998 ,ami: 0.9999999999999998 ,a: 0.7777777777777778 
wut,z2,gaussianmixture,0,UMAP_local,900 x 2,900 x 2,"cf: [[151   0 184 165   0]
 [  0 200   0   0   0]
 [  0   0   0   0 100]
 [  0   0   0  50   0]
 [  0   0   0  50   0]] ",nca: 0.592 ,r: 0.7477221604251638 ,ar: 0.4131107143880107 ,fm: 0.5964583200818868 ,mi: 0.9539148279773494 ,nmi: 0.6841757321736054 ,ami: 0.6821137012897796 ,a: 0.44555555555555554 
wut,z2,hdbscan,0,UMAP_local,900 x 2,900 x 2,"cf: [[  0   0   0   0   0   0]
 [  0   0   0   0 500   0]
 [  0   0 200   0   0   0]
 [  0 100   0   0   0   0]
 [ 50   0   0   0   0   0]
 [  0   0   0  50   0   0]] ",nca: nan ,r: 1.0 ,ar: 1.0 ,fm: 1.0 ,mi: 1.22607605036617 ,nmi: 0.9999999999999998 ,ami: 0.9999999999999998 ,a: 0.2222222222222222 
wut,z2,kmodes,0,UMAP_local,900 x 2,900 x 2,"cf: [[500   0   0   0   0]
 [198   0   0   1   1]
 [ 98   1   1   0   0]
 [ 50   0   0   0   0]
 [ 50   0   0   0   0]] ",nca: 0.0037499999999999756 ,r: 0.3817871709306637 ,ar: 0.006003772959689914 ,fm: 0.6133985512185597 ,mi: 0.008248744494621683 ,nmi: 0.013085524051519122 ,ami: 0.004463975705438991 ,a: 0.5566666666666666 
wut,z2,birch,0,UMAP_local,900 x 2,900 x 2,"cf: [[335   0 165   0   0]
 [  0 200   0   0   0]
 [  0   0   0 100   0]
 [  0   0   0   0  50]
 [  0   0  50   0   0]] ",nca: 0.9175 ,r: 0.842973674453096 ,ar: 0.6433739639136113 ,fm: 0.7658145662773138 ,mi: 1.0965149141634538 ,nmi: 0.8198510742645512 ,ami: 0.8186107470684582 ,a: 0.5944444444444444 
wut,z2,minibatchkmeans,0,UMAP_local,900 x 2,900 x 2,"cf: [[335 165   0   0   0]
 [  0   0   0   0 200]
 [  0   0 100   0   0]
 [ 50   0   0   0   0]
 [  0   0   0  50   0]] ",nca: 0.8325 ,r: 0.8219626745766901 ,ar: 0.6003902021333589 ,fm: 0.7365872759939827 ,mi: 1.0608940445128452 ,nmi: 0.8039233413447179 ,ami: 0.8025541269400945 ,a: 0.48333333333333334 
wut,z2,latentdirichletallocation,0,UMAP_local,900 x 2,900 x 2,"cf: [[321  86   9  56  28]
 [  0   0 124   0  76]
 [  0   0 100   0   0]
 [  0   0   0  50   0]
 [  0   0   0  50   0]] ",nca: 0.5055000000000001 ,r: 0.7482412557162279 ,ar: 0.4237783896099888 ,fm: 0.6085300759868252 ,mi: 0.755165227008471 ,nmi: 0.5550347649103873 ,ami: 0.5520470160639089 ,a: 0.5233333333333333 
wut,z2,spectralcoclustering,0,UMAP_local,900 x 2,900 x 2,"cf: [[  0  91 218   0 191]
 [  0 200   0   0   0]
 [  0 100   0   0   0]
 [  0   0   0  50   0]
 [ 50   0   0   0   0]] ",nca: 0.609 ,r: 0.6881547398343839 ,ar: 0.30670960878894477 ,fm: 0.5407486292480949 ,mi: 0.7781916626408053 ,nmi: 0.6028203080996632 ,ami: 0.5999595812881041 ,a: 0.2777777777777778 
wut,z2,bayesiangaussianmixture,0,UMAP_local,900 x 2,900 x 2,"cf: [[335   0 165   0   0]
 [  0   0   0 200   0]
 [  0 100   0   0   0]
 [  0   0   0   0  50]
 [  0   0  50   0   0]] ",nca: 0.9175 ,r: 0.842973674453096 ,ar: 0.6433739639136113 ,fm: 0.7658145662773138 ,mi: 1.0965149141634538 ,nmi: 0.8198510742645512 ,ami: 0.8186107470684582 ,a: 0.37222222222222223 
wut,z2,genie,0,UMAP_global,900 x 2,900 x 2,"cf: [[  0 335  80   0  85]
 [  0   0   0 200   0]
 [100   0   0   0   0]
 [  0  50   0   0   0]
 [  0  50   0   0   0]] ",nca: 0.5425 ,r: 0.7575701396613521 ,ar: 0.46503475235532826 ,fm: 0.6501094209220641 ,mi: 0.8884766116779855 ,nmi: 0.6850595181482546 ,ami: 0.6828287077802089 ,a: 0.0 
wut,z2,kmeans,0,UMAP_global,900 x 2,900 x 2,"cf: [[252   0 248   0   0]
 [  0 200   0   0   0]
 [  0   0   0 100   0]
 [  0   0   0   0  50]
 [ 50   0   0   0   0]] ",nca: 0.8740000000000001 ,r: 0.8143715239154616 ,ar: 0.5767210023449868 ,fm: 0.7185617378930851 ,mi: 1.0754852960073644 ,nmi: 0.800621718140462 ,ami: 0.7992552651088679 ,a: 0.5022222222222222 
wut,z2,agglomerative,0,UMAP_global,900 x 2,900 x 2,"cf: [[253   0 247   0   0]
 [  0 200   0   0   0]
 [  0   0   0 100   0]
 [  0   0   0   0  50]
 [ 50   0   0   0   0]] ",nca: 0.8734999999999999 ,r: 0.8142602892102336 ,ar: 0.5764999585730293 ,fm: 0.7184084862538527 ,mi: 1.0752845513107596 ,nmi: 0.8005387161965106 ,ami: 0.7991715756175265 ,a: 0.5033333333333333 
wut,z2,spectral,0,UMAP_global,900 x 2,900 x 2,"cf: [[500   0   0   0   0]
 [  0 200   0   0   0]
 [  0   0   0 100   0]
 [  0   0  50   0   0]
 [  0   0   0   0  50]] ",nca: 1.0 ,r: 1.0 ,ar: 1.0 ,fm: 1.0 ,mi: 1.22607605036617 ,nmi: 1.0 ,ami: 1.0 ,a: 0.8333333333333334 
wut,z2,gaussianmixture,0,UMAP_global,900 x 2,900 x 2,"cf: [[500   0   0   0   0]
 [  0 200   0   0   0]
 [  0   0   0 100   0]
 [  0   0  50   0   0]
 [  0   0   0   0  50]] ",nca: 1.0 ,r: 1.0 ,ar: 1.0 ,fm: 1.0 ,mi: 1.22607605036617 ,nmi: 1.0 ,ami: 1.0 ,a: 0.8333333333333334 
wut,z2,hdbscan,0,UMAP_global,900 x 2,900 x 2,"cf: [[  0   0   0   0   0   0]
 [  0   0   0   0 500   0]
 [  0   0 200   0   0   0]
 [  0 100   0   0   0   0]
 [ 50   0   0   0   0   0]
 [  0   0   0  50   0   0]] ",nca: nan ,r: 1.0 ,ar: 1.0 ,fm: 1.0 ,mi: 1.22607605036617 ,nmi: 0.9999999999999998 ,ami: 0.9999999999999998 ,a: 0.2222222222222222 
wut,z2,kmodes,0,UMAP_global,900 x 2,900 x 2,"cf: [[497   1   0   1   1]
 [200   0   0   0   0]
 [ 99   0   1   0   0]
 [ 50   0   0   0   0]
 [ 50   0   0   0   0]] ",nca: 0.0030000000000000027 ,r: 0.3768483500185391 ,ar: -0.0019371320520516415 ,fm: 0.6093525896675657 ,mi: 0.004406352544206618 ,nmi: 0.0069900858529783625 ,ami: -0.0016847113980474147 ,a: 0.5533333333333333 
wut,z2,birch,0,UMAP_global,900 x 2,900 x 2,"cf: [[205   0 295   0   0]
 [  0 200   0   0   0]
 [  0   0   0 100   0]
 [  0   0   0   0  50]
 [ 50   0   0   0   0]] ",nca: 0.8975 ,r: 0.825176121616611 ,ar: 0.6011745271158223 ,fm: 0.7359638891115574 ,mi: 1.085849374787706 ,nmi: 0.8079362806521402 ,ami: 0.8066206410141902 ,a: 0.45 
wut,z2,minibatchkmeans,0,UMAP_global,900 x 2,900 x 2,"cf: [[252   0   0   0 248]
 [  0 200   0   0   0]
 [  0   0 100   0   0]
 [  0   0   0  50   0]
 [  0   0   0   0  50]] ",nca: 0.8759999999999999 ,r: 0.8148659003831418 ,ar: 0.5777301060363285 ,fm: 0.7192661827290325 ,mi: 1.0762956285236276 ,nmi: 0.80098336222843 ,ami: 0.7996198179145929 ,a: 0.7244444444444444 
wut,z2,latentdirichletallocation,0,UMAP_global,900 x 2,900 x 2,"cf: [[ 13  30  17 407  33]
 [  0   0   0   0 200]
 [100   0   0   0   0]
 [ 50   0   0   0   0]
 [  0  50   0   0   0]] ",nca: 0.7035 ,r: 0.8615696452848844 ,ar: 0.6945999926956699 ,fm: 0.8021818727775969 ,mi: 0.9052009746886908 ,nmi: 0.7143388536070304 ,ami: 0.7122220236851572 ,a: 0.014444444444444444 
wut,z2,spectralcoclustering,0,UMAP_global,900 x 2,900 x 2,"cf: [[177 125   0 198   0]
 [  0   0 164   0  36]
 [  0 100   0   0   0]
 [  0   0  17   0  33]
 [ 50   0   0   0   0]] ",nca: 0.7190000000000001 ,r: 0.7189173155357805 ,ar: 0.3470316599199558 ,fm: 0.5473058701089947 ,mi: 0.8056343671249603 ,nmi: 0.581130835830905 ,ami: 0.5783712885234127 ,a: 0.19666666666666666 
wut,z2,bayesiangaussianmixture,0,UMAP_global,900 x 2,900 x 2,"cf: [[  0  32   0 468   0]
 [  0   0 200   0   0]
 [100   0   0   0   0]
 [  0   0   0   0  50]
 [  0  50   0   0   0]] ",nca: 0.984 ,r: 0.9590260783586702 ,ar: 0.9111124623249793 ,fm: 0.9439833898591833 ,mi: 1.1651357402387588 ,nmi: 0.9234861256234602 ,ami: 0.9229245878731333 ,a: 0.0 
wut,z2,genie,0,Base,900 x 2,900 x 2,"cf: [[  0  79 421   0   0]
 [  0   0   0 115  85]
 [100   0   0   0   0]
 [  0  50   0   0   0]
 [  0   0  50   0   0]] ",nca: 0.64375 ,r: 0.8318279569892473 ,ar: 0.6328960427257467 ,fm: 0.7636928155792145 ,mi: 0.95327954083684 ,nmi: 0.7409035672191729 ,ami: 0.7390564023910162 ,a: 0.0 
wut,z2,kmeans,0,Base,900 x 2,900 x 2,"cf: [[  0 260 162  78   0]
 [184   0   0   0  16]
 [  0   0   0   0 100]
 [  0   0   0  50   0]
 [  0   0  50   0   0]] ",nca: 0.8599999999999999 ,r: 0.7736250154492647 ,ar: 0.4731286156761601 ,fm: 0.641539836519902 ,mi: 0.950544947373257 ,nmi: 0.6810617785849331 ,ami: 0.6789824016009489 ,a: 0.05555555555555555 
wut,z2,agglomerative,0,Base,900 x 2,900 x 2,"cf: [[  0 134 176   0 190]
 [200   0   0   0   0]
 [  0   0   0 100   0]
 [  0  50   0   0   0]
 [  0   0  50   0   0]] ",nca: 0.845 ,r: 0.7577950809541466 ,ar: 0.43418084028933634 ,fm: 0.6116821600399063 ,mi: 0.9737748588410157 ,nmi: 0.6944732952517351 ,ami: 0.6924907940551416 ,a: 0.0 
wut,z2,spectral,0,Base,900 x 2,900 x 2,"cf: [[387  91   0  22   0]
 [  0   0  85   0 115]
 [  1   0  99   0   0]
 [  1   0   0  49   0]
 [  0  50   0   0   0]] ",nca: 0.82975 ,r: 0.8257965640835496 ,ar: 0.6077455786820483 ,fm: 0.7412777498005617 ,mi: 0.918785063957711 ,nmi: 0.6890455667674441 ,ami: 0.6869096122315262 ,a: 0.5944444444444444 
wut,z2,gaussianmixture,0,Base,900 x 2,900 x 2,"cf: [[500   0   0   0   0]
 [  0 200   0   0   0]
 [  0   0   0 100   0]
 [  0   0  50   0   0]
 [  0   0   0   0  50]] ",nca: 1.0 ,r: 1.0 ,ar: 1.0 ,fm: 1.0 ,mi: 1.22607605036617 ,nmi: 1.0 ,ami: 1.0 ,a: 0.8333333333333334 
wut,z2,hdbscan,0,Base,900 x 2,900 x 2,"cf: [[  0   0   0   0   0   0   0]
 [  0   0   0   0   0   0   0]
 [  8   0   0   0   0 492   0]
 [  0 200   0   0   0   0   0]
 [  2   0  98   0   0   0   0]
 [  2   0   0  48   0   0   0]
 [  3   0   0   0  47   0   0]] ",nca: nan ,r: 0.9890223705351625 ,ar: 0.9764699219777034 ,fm: 0.9852881473034104 ,mi: 1.2061685002607803 ,nmi: 0.960840943591428 ,ami: 0.9604693530044875 ,a: 0.0 
wut,z2,kmodes,0,Base,900 x 2,900 x 2,"cf: [[498   1   0   1   0]
 [199   0   0   0   1]
 [100   0   0   0   0]
 [ 49   0   1   0   0]
 [ 50   0   0   0   0]] ",nca: 0.006749999999999978 ,r: 0.378568780126066 ,ar: 0.000829069093179651 ,fm: 0.6107619936913352 ,mi: 0.006197441400114889 ,nmi: 0.009831407501100337 ,ami: 0.0011814316429642584 ,a: 0.5533333333333333 
wut,z2,birch,0,Base,900 x 2,900 x 2,"cf: [[160   0 340   0   0]
 [  0  51   0 149   0]
 [  0 100   0   0   0]
 [  0   0   0   0  50]
 [ 50   0   0   0   0]] ",nca: 0.85625 ,r: 0.8143641082684464 ,ar: 0.5772939152924876 ,fm: 0.71904919829219 ,mi: 0.9907063278848895 ,nmi: 0.7362527736085674 ,ami: 0.7344503937670089 ,a: 0.23444444444444446 
wut,z2,minibatchkmeans,0,Base,900 x 2,900 x 2,"cf: [[265   0 165   0  70]
 [  0 185   0  15   0]
 [  0   1   0  99   0]
 [  0   0   0   0  50]
 [  0   0  50   0   0]] ",nca: 0.8612500000000001 ,r: 0.777236435545668 ,ar: 0.48234808898042814 ,fm: 0.6485750711423722 ,mi: 0.9497201913553834 ,nmi: 0.682190304469774 ,ami: 0.6801122383465695 ,a: 0.5 
wut,z2,latentdirichletallocation,0,Base,900 x 2,900 x 2,"cf: [[  0   0   0 211 289]
 [ 87   0   0 113   0]
 [100   0   0   0   0]
 [  0   4   0  42   4]
 [  0   0   0   0  50]] ",nca: 0.45999999999999996 ,r: 0.6709454949944382 ,ar: 0.2901020299300199 ,fm: 0.5488559333306285 ,mi: 0.5230660774699016 ,nmi: 0.45283710538032673 ,ami: 0.4496764992984553 ,a: 0.10222222222222223 
wut,z2,spectralcoclustering,0,Base,900 x 2,900 x 2,"cf: [[197   0 108 155  40]
 [  0 192   0   8   0]
 [ 73   0  15  11   1]
 [ 45   0   0   5   0]
 [  0   0  15   0  35]] ",nca: 0.5049999999999999 ,r: 0.6866320603139291 ,ar: 0.2792609461917343 ,fm: 0.5019409122610682 ,mi: 0.6341758334927245 ,nmi: 0.46281096279696815 ,ami: 0.4592306093872687 ,a: 0.49333333333333335 
wut,z2,bayesiangaussianmixture,0,Base,900 x 2,900 x 2,"cf: [[  0   0   0 500   0]
 [200   0   0   0   0]
 [  0   0 100   0   0]
 [  0   0   0   0  50]
 [  0  50   0   0   0]] ",nca: 1.0 ,r: 1.0 ,ar: 1.0 ,fm: 1.0 ,mi: 1.22607605036617 ,nmi: 1.0 ,ami: 1.0 ,a: 0.1111111111111111 
wut,z3,genie,0,UMAP_local,1000 x 2,1000 x 2,"cf: [[  0 400   0   0]
 [300   0   0   0]
 [  0   0 200   0]
 [  0   0   0 100]] ",nca: 1.0 ,r: 1.0 ,ar: 1.0 ,fm: 1.0 ,mi: 1.2798542258336676 ,nmi: 1.0 ,ami: 1.0 ,a: 0.3 
wut,z3,kmeans,0,UMAP_local,1000 x 2,1000 x 2,"cf: [[  0   0   0 400]
 [  0 300   0   0]
 [  0   0 200   0]
 [100   0   0   0]] ",nca: 1.0 ,r: 1.0 ,ar: 1.0 ,fm: 1.0 ,mi: 1.2798542258336676 ,nmi: 1.0 ,ami: 1.0 ,a: 0.5 
wut,z3,agglomerative,0,UMAP_local,1000 x 2,1000 x 2,"cf: [[400   0   0   0]
 [  0 300   0   0]
 [  0   0 200   0]
 [  0   0   0 100]] ",nca: 1.0 ,r: 1.0 ,ar: 1.0 ,fm: 1.0 ,mi: 1.2798542258336676 ,nmi: 1.0 ,ami: 1.0 ,a: 1.0 
wut,z3,spectral,0,UMAP_local,1000 x 2,1000 x 2,"cf: [[  0 320  80   0]
 [300   0   0   0]
 [200   0   0   0]
 [  0   0   0 100]] ",nca: 0.6 ,r: 0.8286286286286286 ,ar: 0.6166896165927966 ,fm: 0.7472395417360548 ,mi: 0.9433483923290387 ,nmi: 0.7785446617788487 ,ami: 0.7777104756902494 ,a: 0.1 
wut,z3,gaussianmixture,0,UMAP_local,1000 x 2,1000 x 2,"cf: [[  0   0   0 400]
 [  0 300   0   0]
 [  0   0 200   0]
 [100   0   0   0]] ",nca: 1.0 ,r: 1.0 ,ar: 1.0 ,fm: 1.0 ,mi: 1.2798542258336676 ,nmi: 1.0 ,ami: 1.0 ,a: 0.5 
wut,z3,hdbscan,0,UMAP_local,1000 x 2,1000 x 2,"cf: [[  0   0   0   0   0]
 [  0   0   0 400   0]
 [300   0   0   0   0]
 [  0 200   0   0   0]
 [  0   0 100   0   0]] ",nca: nan ,r: 1.0 ,ar: 1.0 ,fm: 1.0 ,mi: 1.2798542258336676 ,nmi: 1.0 ,ami: 1.0 ,a: 0.0 
wut,z3,kmodes,0,UMAP_local,1000 x 2,1000 x 2,"cf: [[398   1   0   1]
 [300   0   0   0]
 [199   0   1   0]
 [100   0   0   0]] ",nca: 0.0024999999999999467 ,r: 0.3013053053053053 ,ar: -0.0005728119967006056 ,fm: 0.5450737968013556 ,mi: 0.0034450274007637475 ,nmi: 0.005285515172048785 ,ami: -0.0006158652776853537 ,a: 0.399 
wut,z3,birch,0,UMAP_local,1000 x 2,1000 x 2,"cf: [[400   0   0   0]
 [  0 300   0   0]
 [  0   0 200   0]
 [  0   0   0 100]] ",nca: 1.0 ,r: 1.0 ,ar: 1.0 ,fm: 1.0 ,mi: 1.2798542258336676 ,nmi: 1.0 ,ami: 1.0 ,a: 1.0 
wut,z3,minibatchkmeans,0,UMAP_local,1000 x 2,1000 x 2,"cf: [[  0 400   0   0]
 [  0   0 300   0]
 [200   0   0   0]
 [  0   0   0 100]] ",nca: 1.0 ,r: 1.0 ,ar: 1.0 ,fm: 1.0 ,mi: 1.2798542258336676 ,nmi: 1.0 ,ami: 1.0 ,a: 0.1 
wut,z3,latentdirichletallocation,0,UMAP_local,1000 x 2,1000 x 2,"cf: [[  0   0 400   0]
 [138   0   0 162]
 [  0   0   0 200]
 [  9   0  47  44]] ",nca: 0.48666666666666664 ,r: 0.8125865865865866 ,ar: 0.5872820236704756 ,fm: 0.732220168778971 ,mi: 0.7074747703675672 ,nmi: 0.6185320726718382 ,ami: 0.6175229193015108 ,a: 0.044 
wut,z3,spectralcoclustering,0,UMAP_local,1000 x 2,1000 x 2,"cf: [[400   0   0   0]
 [  0 151  80  69]
 [  0 200   0   0]
 [  0   0 100   0]] ",nca: 0.7433333333333333 ,r: 0.8674294294294295 ,ar: 0.6899804066012305 ,fm: 0.7862508719275099 ,mi: 0.9163379062782913 ,nmi: 0.7310228354568631 ,ami: 0.7300443476186259 ,a: 0.551 
wut,z3,bayesiangaussianmixture,0,UMAP_local,1000 x 2,1000 x 2,"cf: [[  0   0 400   0]
 [  0 300   0   0]
 [  0   0   0 200]
 [100   0   0   0]] ",nca: 1.0 ,r: 1.0 ,ar: 1.0 ,fm: 1.0 ,mi: 1.2798542258336676 ,nmi: 1.0 ,ami: 1.0 ,a: 0.3 
wut,z3,genie,0,UMAP_global,1000 x 2,1000 x 2,"cf: [[  0 400   0   0]
 [300   0   0   0]
 [  0   0 200   0]
 [  0   2   0  98]] ",nca: 0.9933333333333333 ,r: 0.998006006006006 ,ar: 0.9952515341491779 ,fm: 0.9966776371750178 ,mi: 1.2672525994131332 ,nmi: 0.9912372624401733 ,ami: 0.9912060710567813 ,a: 0.298 
wut,z3,kmeans,0,UMAP_global,1000 x 2,1000 x 2,"cf: [[ 45   0   0 355]
 [  0 300   0   0]
 [  0   0 200   0]
 [100   0   0   0]] ",nca: 0.9625 ,r: 0.959009009009009 ,ar: 0.9000748784096027 ,fm: 0.9295293610877712 ,mi: 1.1900446638211575 ,nmi: 0.9117079417189841 ,ami: 0.9114005269933957 ,a: 0.545 
wut,z3,agglomerative,0,UMAP_global,1000 x 2,1000 x 2,"cf: [[400   0   0   0]
 [  0 300   0   0]
 [  0   0 200   0]
 [  2   0   0  98]] ",nca: 0.9933333333333333 ,r: 0.998006006006006 ,ar: 0.9952515341491779 ,fm: 0.9966776371750178 ,mi: 1.2672525994131332 ,nmi: 0.9912372624401733 ,ami: 0.9912060710567813 ,a: 0.998 
wut,z3,spectral,0,UMAP_global,1000 x 2,1000 x 2,"cf: [[  0 400   0   0]
 [300   0   0   0]
 [  0   0   0 200]
 [  0   2  98   0]] ",nca: 0.9933333333333333 ,r: 0.998006006006006 ,ar: 0.9952515341491779 ,fm: 0.9966776371750178 ,mi: 1.2672525994131332 ,nmi: 0.9912372624401733 ,ami: 0.9912060710567813 ,a: 0.0 
wut,z3,gaussianmixture,0,UMAP_global,1000 x 2,1000 x 2,"cf: [[ 43   0   0 357]
 [  0 300   0   0]
 [  0   0 200   0]
 [100   0   0   0]] ",nca: 0.9641666666666667 ,r: 0.9606586586586586 ,ar: 0.9041758771864977 ,fm: 0.9324422242457365 ,mi: 1.1924160672801332 ,nmi: 0.9141586053398285 ,ami: 0.9138595054240924 ,a: 0.543 
wut,z3,hdbscan,0,UMAP_global,1000 x 2,1000 x 2,"cf: [[  0   0   0   0   0]
 [  0 400   0   0   0]
 [  0   0   0 300   0]
 [  0   0 200   0   0]
 [ 98   2   0   0   0]] ",nca: nan ,r: 0.998006006006006 ,ar: 0.9952515341491779 ,fm: 0.9966776371750178 ,mi: 1.2672525994131332 ,nmi: 0.9912372624401733 ,ami: 0.9912060710567813 ,a: 0.4 
wut,z3,kmodes,0,UMAP_global,1000 x 2,1000 x 2,"cf: [[399   1   0   0]
 [298   0   1   1]
 [200   0   0   0]
 [100   0   0   0]] ",nca: 0.0019444444444444524 ,r: 0.3013053053053053 ,ar: -0.0005728119967006056 ,fm: 0.5450737968013556 ,mi: 0.0033276644077968277 ,nmi: 0.005105451617307193 ,ami: -0.0007969971023253639 ,a: 0.399 
wut,z3,birch,0,UMAP_global,1000 x 2,1000 x 2,"cf: [[346  54   0   0]
 [  0   0   0 300]
 [  0   0 200   0]
 [  0 100   0   0]] ",nca: 0.9550000000000001 ,r: 0.9517837837837838 ,ar: 0.8820436905028209 ,fm: 0.916697839103217 ,mi: 1.1800856821752486 ,nmi: 0.9014299113666169 ,ami: 0.9010877650561501 ,a: 0.546 
wut,z3,minibatchkmeans,0,UMAP_global,1000 x 2,1000 x 2,"cf: [[  0  58   0 342]
 [  0   0 300   0]
 [200   0   0   0]
 [  0 100   0   0]] ",nca: 0.9516666666666667 ,r: 0.9486766766766767 ,ar: 0.8742565555199449 ,fm: 0.9111436881572024 ,mi: 1.1759869238259082 ,nmi: 0.8972150341734292 ,ami: 0.8968587083465435 ,a: 0.0 
wut,z3,latentdirichletallocation,0,UMAP_global,1000 x 2,1000 x 2,"cf: [[  0  24   0 376]
 [  1   0 299   0]
 [200   0   0   0]
 [  0  76   0  24]] ",nca: 0.8988888888888887 ,r: 0.9555655655655656 ,ar: 0.8940419903152104 ,fm: 0.9257446953260136 ,mi: 1.1276584108144616 ,nmi: 0.8809453655280776 ,ami: 0.8805221532782888 ,a: 0.024 
wut,z3,spectralcoclustering,0,UMAP_global,1000 x 2,1000 x 2,"cf: [[  0  28 157 215]
 [300   0   0   0]
 [  0 200   0   0]
 [  0   0   0 100]] ",nca: 0.7975 ,r: 0.8573153153153154 ,ar: 0.6483174303302447 ,fm: 0.7485758547102713 ,mi: 0.9980724354427497 ,nmi: 0.7582140725245828 ,ami: 0.7573795791294695 ,a: 0.1 
wut,z3,bayesiangaussianmixture,0,UMAP_global,1000 x 2,1000 x 2,"cf: [[400   0   0   0]
 [  0   0 300   0]
 [  0 200   0   0]
 [  2   0   0  98]] ",nca: 0.9933333333333333 ,r: 0.998006006006006 ,ar: 0.9952515341491779 ,fm: 0.9966776371750178 ,mi: 1.2672525994131332 ,nmi: 0.9912372624401731 ,ami: 0.991206071056781 ,a: 0.498 
wut,z3,genie,0,Base,1000 x 2,1000 x 2,"cf: [[  0 400   0   0]
 [194   0   0 106]
 [ 35   0 165   0]
 [  0 100   0   0]] ",nca: 0.4905555555555556 ,r: 0.8535955955955956 ,ar: 0.6641122521401077 ,fm: 0.7726641244226273 ,mi: 0.9317323402610675 ,nmi: 0.7456311640971138 ,ami: 0.7447044530241196 ,a: 0.165 
wut,z3,kmeans,0,Base,1000 x 2,1000 x 2,"cf: [[  0   0   0 400]
 [  0 300   0   0]
 [  0   0 200   0]
 [100   0   0   0]] ",nca: 1.0 ,r: 1.0 ,ar: 1.0 ,fm: 1.0 ,mi: 1.2798542258336676 ,nmi: 1.0 ,ami: 1.0 ,a: 0.5 
wut,z3,agglomerative,0,Base,1000 x 2,1000 x 2,"cf: [[400   0   0   0]
 [  0   0 300   0]
 [  0 200   0   0]
 [  0   0   0 100]] ",nca: 1.0 ,r: 1.0 ,ar: 1.0 ,fm: 1.0 ,mi: 1.2798542258336676 ,nmi: 1.0 ,ami: 1.0 ,a: 0.5 
wut,z3,spectral,0,Base,1000 x 2,1000 x 2,"cf: [[  0 400   0   0]
 [300   0   0   0]
 [  3   0   0 197]
 [  0   5  94   1]] ",nca: 0.975 ,r: 0.9914774774774775 ,ar: 0.9797562402161645 ,fm: 0.9858746043856308 ,mi: 1.2297967737382738 ,nmi: 0.9643091477827326 ,ami: 0.9641817667472039 ,a: 0.001 
wut,z3,gaussianmixture,0,Base,1000 x 2,1000 x 2,"cf: [[  0   0   0 400]
 [  0 300   0   0]
 [  0   0 200   0]
 [ 98   0   0   2]] ",nca: 0.9933333333333333 ,r: 0.998006006006006 ,ar: 0.9952515341491779 ,fm: 0.9966776371750178 ,mi: 1.2672525994131332 ,nmi: 0.9912372624401733 ,ami: 0.9912060710567813 ,a: 0.502 
wut,z3,hdbscan,0,Base,1000 x 2,1000 x 2,"cf: [[  0   0   0   0   0   0]
 [  0   0   0   0   0   0]
 [  0 400   0   0   0   0]
 [  0   0 300   0   0   0]
 [  1   0 199   0   0   0]
 [ 23   0   0   8  69   0]] ",nca: nan ,r: 0.8753853853853854 ,ar: 0.7322451027213289 ,fm: 0.8361042832030281 ,mi: 0.9401092616087136 ,nmi: 0.8154048796446322 ,ami: 0.8143787100939651 ,a: 0.0 
wut,z3,kmodes,0,Base,1000 x 2,1000 x 2,"cf: [[399   0   0   1]
 [298   1   1   0]
 [200   0   0   0]
 [100   0   0   0]] ",nca: 0.0019444444444444524 ,r: 0.3013053053053053 ,ar: -0.0005728119967006056 ,fm: 0.5450737968013556 ,mi: 0.0033276644077968277 ,nmi: 0.005105451617307193 ,ami: -0.0007969971023253639 ,a: 0.4 
wut,z3,birch,0,Base,1000 x 2,1000 x 2,"cf: [[398   2   0   0]
 [  0 300   0   0]
 [  0   0 200   0]
 [  4   0   1  95]] ",nca: 0.9816666666666668 ,r: 0.9926586586586587 ,ar: 0.9825345917499624 ,fm: 0.9877882735530953 ,mi: 1.2391048260570083 ,nmi: 0.9703612366621001 ,ami: 0.9702555987960086 ,a: 0.993 
wut,z3,minibatchkmeans,0,Base,1000 x 2,1000 x 2,"cf: [[  0 400   0   0]
 [  0   0 300   0]
 [200   0   0   0]
 [  0   0   0 100]] ",nca: 1.0 ,r: 1.0 ,ar: 1.0 ,fm: 1.0 ,mi: 1.2798542258336676 ,nmi: 1.0 ,ami: 1.0 ,a: 0.1 
wut,z3,latentdirichletallocation,0,Base,1000 x 2,1000 x 2,"cf: [[279   0 121   0]
 [ 28   0 246  26]
 [  0   0   0 200]
 [ 31   0   0  69]] ",nca: 0.5058333333333334 ,r: 0.7641661661661662 ,ar: 0.4564619194054227 ,fm: 0.6293829250782333 ,mi: 0.6087321475281828 ,nmi: 0.5127256827186062 ,ami: 0.5114857077662666 ,a: 0.348 
wut,z3,spectralcoclustering,0,Base,1000 x 2,1000 x 2,"cf: [[  6 194   0 200]
 [  0  31   0 269]
 [199   0   0   1]
 [ 31   0  69   0]] ",nca: 0.6888888888888888 ,r: 0.7604144144144144 ,ar: 0.4457744107986824 ,fm: 0.6208754481332395 ,mi: 0.7436137037351087 ,nmi: 0.5959434245809344 ,ami: 0.5944668571378213 ,a: 0.037 
wut,z3,bayesiangaussianmixture,0,Base,1000 x 2,1000 x 2,"cf: [[400   0   0   0]
 [  0   0 300   0]
 [  0 200   0   0]
 [  2   0   0  98]] ",nca: 0.9933333333333333 ,r: 0.998006006006006 ,ar: 0.9952515341491779 ,fm: 0.9966776371750178 ,mi: 1.2672525994131332 ,nmi: 0.9912372624401731 ,ami: 0.991206071056781 ,a: 0.498 
